ID,see_OI,see_arabic,see_english,no_spell,OI.influence.open,resp_lang1,general_influence1,category1,subcategory1,spelling.preference,OI.importance,OI.open,category2,subcategory2,resp_lang2,vision.hearing,prop_distraction,headphones,age,gender,education,nationality,location,L1,readingprofscore,level,prof_test_score,same_day,Participant.Device.Type,meanRT,meanD.prime,correct
4986647,middle,easier,no_notice,easier,نعم. انا انسانة بصرية ,Arabic,helps,,,in_arabic,yes,حتى اتخيل شكل الكلمة ,visualisation,,Arabic,Yes,0.17,earphones,34,f,masters,Saudi,Saudi Arabia,Arabic,4,advanced,11,1,mobile,1956.648485,1.541074575,33
4986648,no_see,no_diff,easier,no_diff,differentiate betweet the V and F,English,helps,clarify what I heard,differentiate similar sounds/ words,in_english,yes,make sure how it is prounanced,clarifying and consolidating new language,correct production,English,Yes,0.14,no_headphones,34,f,masters,Saudi,Saudi Arabia,Arabic,5,nearnative,12,1,mobile,1622.290323,1.230803129,31
4986649,start,easier,easier,difficult,written words are much easier to remember and to associate with the right item,English,helps,connect audio and visual input (broadly),associate word and image,in_english,yes,notice the difference between v and f better,(about the experiment),,English,Yes,0,earphones,34,f,masters,Saudi,Saudi Arabia,Arabic,5,advanced,12,1,mobile,1344.777778,1.339818289,36
4988182,end,easier,easier,difficult,yes,English,,,,in_arabic,yes,سهلة الحفظ,memorisation,,Arabic,Yes,0.56,no_headphones,36,f,masters,Saudi,Saudi Arabia,Arabic,5,advanced,11,1,mobile,1188.703704,0.800463908,27
5000407,start,no_diff,easier,difficult,نعم ,Arabic,,,,in_english,yes,للتأكد من صحة ما استمعت إليه,clarifying and consolidating new language,correct comprehension,Arabic,Yes,0.79,earphones,29,f,masters,Egyptian,Egypt,Arabic,5,advanced,12,1,mobile,1817.022857,1.609491904,35
5000759,no_see,easier,no_diff,easier,"كبير
",Arabic,,,,no_OI,no,"انا شخصية سمعية
",previous (language) learning,,Arabic,Yes,0.14,no_headphones,43,f,bachelors,Egyptian,Egypt,Arabic,4,intermediate,8,1,mobile,2032.811765,1.377473764,34
5000809,start,no_diff,no_diff,difficult,الكلكات المكتةبة تساعد على التذكر بقوة,Arabic,helps,remembering (broadly),,in_english,yes,لأنها تسهل عملية حفظها,memorisation,,Arabic,Yes,0.76,no_headphones,43,f,masters,Egyptian,Egypt,Arabic,5,advanced,12,1,computer,2564.526471,1.360401624,34
5000809,start,no_diff,no_diff,difficult,,,,,,in_english,yes, في الذاكرة المرئية و ربطها مع الذاكرة السمعية,visual association,,Arabic,Yes,0.76,no_headphones,43,f,masters,Egyptian,Egypt,Arabic,5,advanced,12,1,computer,2564.526471,1.360401624,34
5000812,middle,easier,no_diff,easier,huge,English,,,,in_english,yes,to know more ,,,English,Yes,0,no_headphones,30,f,masters,Egyptian,Egypt,Arabic,3,intermediate,7,1,mobile,3457.375,1.595474164,36
5000814,start,no_diff,easier,difficult,فرق كبير,Arabic,,,,in_english,yes,i may hear wrong,clarifying and consolidating new language,correct comprehension,English,Yes,0.51,no_headphones,36,f,bachelors,Egyptian,Egypt,Arabic,4,advanced,12,1,mobile,1878.785366,1.925235213,41
5003012,start,difficult,easier,difficult,"نعم، الى مدى متوسط",Arabic,,,,in_english,yes,"تساعدني على ربطها بالصورة و تخزينها في الذاكرة يكون اسهل و اسرع
",(about the experiment),,Arabic,Yes,0.66,no_headphones,27,f,masters,Algerian,UK,Arabic,5,advanced,11,1,mobile,6551.162963,0.757256504,27
5003015,start,no_diff,easier,easier,Yes it did just to distinguish between the letters that are close in pronunciation ,English,helps,clarify what I heard,differentiate similar sounds/ words,in_english,yes,To memorise it correctly ,memorisation,,English,Yes,0.08,earphones,30,f,doctorate,Algerian,UK,Arabic,5,advanced,12,1,computer,1856.1425,1.64647693,38
5003019,end,no_notice,easier,easier,not too much,English,doesn't help,,,in_english,no,i don`t need,it's too much to process,,English,Yes,0.57,earphones,32,m,secondary,Algerian,Algeria ,Arabic,5,advanced,11,1,computer,1532.365217,0.149480567,23
5003021,no_see,no_diff,no_diff,no_diff,الى مدى صغير,Arabic,,,,#N/A,#N/A,#N/A,,,,Yes,0,earphones,30,f,doctorate,Algerian,Algeria ,Arabic,5,advanced,12,1,mobile,2374.1,0.687420797,30
5003023,middle,difficult,easier,no_diff,لا لا يوجد فرق,Arabic,doesn't help,,,in_english,yes,لكي اربط في ذهني الكلمة المكتوبة مع الصوت,visual association,,Arabic,Yes,0,earphones,28,f,masters,Algerian,Algeria ,Arabic,4,advanced,12,1,computer,1316.823913,2.332665854,46
5003023,middle,difficult,easier,no_diff,لا لا يوجد فرق,Arabic,doesn't help,,,in_english,yes,احفظ النطق و الكتابة معا في نفس الوقت,memorisation,,Arabic,Yes,0,earphones,28,f,masters,Algerian,Algeria ,Arabic,4,advanced,12,1,computer,1316.823913,2.332665854,46
5010775,middle,difficult,easier,easier,"no difference. hearing words make it easier than reading them, especially in Arabic",English,doesn't help,better to ignore/ focus on sounds,,in_english,yes,to memorise the spelling and its pronunciation,memorisation,,English,Yes,0.77,headphones,30,f,doctorate,Algerian,Algeria ,Arabic,5,nearnative,11,1,mobile,3857.153846,1.539933581,39
5010776,start,easier,easier,no_diff,Notba big difference,English,doesn't help,,,in_english,yes,To memorize it quickly,memorisation,,English,Yes,0.2,no_headphones,26,f,doctorate,Algerian,Algeria ,Arabic,4,advanced,12,1,mobile,1750.177143,1.196784206,35
5010779,no_see,no_diff,easier,easier,كبير,Arabic,,,,in_english,yes,لأكتبها و أقرئها صحيحة,clarifying and consolidating new language,correct production,Arabic,Yes,0.16,no_headphones,32,m,bachelors,Egyptian,Egypt,Arabic,3,intermediate,6,1,mobile,1847.975,0.456396306,24
5010884,no_see,no_notice,easier,difficult,الى حد كبير,Arabic,,,,in_english,yes,لأن العين تحفظ ايضا,memorisation,,Arabic,Yes,0.62,earphones,37,f,masters,Egyptian,Egypt,Arabic,4,advanced,10,1,mobile,2742.529412,1.360401624,34
5010884,no_see,no_notice,easier,difficult,,,,,,in_english,yes,ولعدم القدرة على تمييز بعض الاحرف عند سماعها فصعبت التفريق بين نطق بعض الكلمات,clarifying and consolidating new language,correct comprehension,Arabic,Yes,0.62,earphones,37,f,masters,Egyptian,Egypt,Arabic,4,advanced,10,1,mobile,2742.529412,1.360401624,34
5011969,start,easier,easier,easier,نعم أحدث فرقا إلي مدى كبير,Arabic,,,,in_english,yes,لتسهيل نطقها,clarifying and consolidating new language,correct production,Arabic,Yes,0.08,earphones,27,f,professional qualification,Algerian,Algeria ,Arabic,5,advanced,9,1,mobile,1790.259375,0.95389022,32
5011969,start,easier,easier,easier,,,,,,in_english,yes,ترسيخه,clarifying and consolidating new language,,Arabic,Yes,0.08,earphones,27,f,professional qualification,Algerian,Algeria ,Arabic,5,advanced,9,1,mobile,1790.259375,0.95389022,32
5015277,start,no_diff,easier,difficult,"yes ,i prefer the word written while listening to it , that's how i memorize the word twice written and spoken ",English,helps,connect audio and visual input (broadly),,in_english,yes,to memorize it better,memorisation,,English,Yes,0.74,no_headphones,28,f,masters,Algerian,Algeria ,Arabic,3,intermediate,9,1,mobile,2504.445714,1.196784206,35
5016049,end,easier,easier,easier,الى مدى كبير,Arabic,,,,in_english,yes,"كي أكتبها
",clarifying and consolidating new language,correct production,Arabic,Yes,0.05,earphones,31,m,doctorate,Algerian,Algeria ,Arabic,5,advanced,10,1,mobile,1910.135417,2.563103131,48
5018214,no_see,no_diff,easier,difficult,0.4,,,,,in_english,yes,for spelling purposes,clarifying and consolidating new language,correct production,English,Yes,0.51,earphones,22,f,masters,Algerian,Algeria ,Arabic,4,advanced,9,1,mobile,3194.34375,1.459973634,32
5018214,no_see,no_diff,easier,difficult,,,,,,in_english,yes,and also it makes it easier to remember the word,remembering (broadly),,English,Yes,0.51,earphones,22,f,masters,Algerian,Algeria ,Arabic,4,advanced,9,1,mobile,3194.34375,1.459973634,32
5027570,middle,no_diff,no_diff,easier,"i can remember the word spelling, so each time i see the picture i remember the word, but this didn't happen to me in all the pictures only in some of them.",English,helps,remembering (broadly),,in_english,yes,because it will make it easier to understand how can i speak the word and how can i spell it. also every time i see the picture i remember how it has been written this way i can choose fastly .,clarifying and consolidating new language,correct production,English,Yes,0.04,earphones,18,f,bachelors,Saudi,Saudi Arabia,Arabic,5,advanced,9,1,computer,2151.176667,1.134047984,30
5027661,no_see,easier,easier,difficult,"yes made a difference , but not that much",English,,,,in_english,yes,to ermember the word,remembering (broadly),,English,Yes,0.61,no_headphones,32,f,masters,Saudi,UK,Arabic,3,intermediate,6,1,computer,3761.660606,1.283336397,33
5027663,start,difficult,easier,difficult,نعم الكتابة تساعد على الربط مع الصوت,Arabic,helps,connect audio and visual input (broadly),map sounds and letters,in_english,yes,لأني بصرية,learning style,,Arabic,Yes,0.86,earphones,34,f,masters,Saudi,UK,Arabic,4,advanced,11,1,tablet,2153.807692,0.349454332,26
5027737,middle,easier,easier,difficult,yes it did. Seeing the written words made it easier to remember.,English,helps,remembering (broadly),,in_arabic,yes,Seeing the spelling helps me remember the word better. ,remembering (broadly),,English,Yes,0,no_headphones,33,f,masters,Saudi,UK,Arabic,4,advanced,12,1,computer,1853.977273,2.237425455,44
5029568,middle,easier,easier,difficult,نعم إلى مدى مهم في تنشيط الذاكرة والحفظ,Arabic,helps,remembering (broadly),,in_english,yes,ليسهل علي حفظها ومعرفة حروفها ,memorisation,,Arabic,Yes,0.16,no_headphones,45,m,bachelors,Saudi,UK,Arabic,5,beginner,7,1,mobile,1608.8,1.001966199,30
5029572,start,easier,easier,difficult,لا,Arabic,doesn't help,,,in_arabic,yes,احفظها بشكل اسرع,speed of learning,,Arabic,Yes,0.29,no_headphones,33,f,bachelors,Saudi,UK,Arabic,3,intermediate,10,1,mobile,1512.703704,0.610604416,27
5029573,no_see,no_diff,easier,difficult,كتابه الكلمات يسهل الحفظ,Arabic,helps,remembering (broadly),,in_english,yes,يسهل تذكرها,remembering (broadly),,Arabic,Yes,0.01,no_headphones,30,f,masters,Saudi,UK,Arabic,3,intermediate,9,1,computer,2062.08125,0.990346467,32
5029577,middle,no_diff,easier,no_diff,0.5,,,,,in_english,yes,to easy learn,,,English,Yes,0,earphones,30,f,bachelors,Saudi,Saudi Arabia,Arabic,3,intermediate,8,1,mobile,1839.238095,-0.230216966,21
5029579,start,difficult,no_notice,easier,No,English,doesn't help,,,in_english,yes,to make it easier to remember,remembering (broadly),,English,Yes,0,no_headphones,33,f,masters,Saudi,UK,Arabic,4,advanced,11,1,mobile,1619.691667,2.563103131,48
5029580,middle,easier,easier,difficult,"Yes, it makes learning easier ",English,helps,learning (broadly),,in_english,yes,reading the spelling of a word makes it easier to learn,,,English,Yes,0.05,earphones,30,f,doctorate,Saudi,UK,Arabic,5,advanced,10,1,computer,1875.2375,1.041349622,32
5029581,no_see,no_notice,easier,difficult,no,English,doesn't help,,,in_english,yes,to pronunce it correctly,clarifying and consolidating new language,correct production,English,Yes,0,earphones,38,f,doctorate,Saudi,Saudi Arabia,Arabic,5,advanced,10,1,mobile,2127.233333,0.807817602,30
5029587,start,no_diff,easier,difficult,for English written forms are helpful as English is not a consistent language (written forms to spoken forms),English,helps,connect audio and visual input (broadly),map sounds and letters,in_english,yes,for recall support,remembering (broadly),,English,Yes,0,no_headphones,35,f,masters,Saudi,UK,Arabic,5,advanced,11,1,tablet,1364.382353,1.380938437,34
5031281,middle,easier,difficult,difficult,watching the written words make learning easier as I can link the image with the written word ,English,helps,connect audio and visual input (broadly),associate word and image,in_english,yes,to memoriese the new word,memorisation,,English,Yes,0,earphones,26,f,bachelors,Saudi,UK,Arabic,5,advanced,9,1,mobile,1620.28125,1.081309134,32
5031282,no_see,easier,easier,no_diff,نعم .. إلى مدى كبير,Arabic,,,,in_english,yes,يسهل تذكرها,remembering (broadly),,Arabic,Yes,0.11,no_headphones,32,f,masters,Saudi,UK,Arabic,3,advanced,10,1,computer,2323.382143,0.495154167,28
5034149,middle,easier,easier,difficult,it's very helpful when I see the word written,English,helps,,,in_english,yes,to help me connect the voice with the letters,clarifying and consolidating new language,decoding sounds and letters,English,Yes,0.17,no_headphones,30,f,bachelors,Saudi,UK,Arabic,4,advanced,11,1,mobile,2537.097561,1.905331543,41
5037046,no_see,no_diff,easier,difficult,الكلمات المكتوبة مصدر تأكيد للكلمة المسموعة,Arabic,helps,clarify what I heard,,in_english,yes,"هو بمثابة تثبيت للكلمة، ",clarifying and consolidating new language,,Arabic,Yes,0.73,no_headphones,27,m,masters,Algerian,Algeria ,Arabic,5,nearnative,12,1,mobile,1539.703448,0.813626755,29
5037277,start,no_diff,easier,no_diff,much better,English,helps,,,in_english,yes,in order to memorize that word,memorisation,,English,Yes,0.77,no_headphones,22,f,masters,Algerian,Algeria ,Arabic,5,advanced,11,1,mobile,1903.342857,1.356547273,35
5038591,no_see,easier,difficult,difficult,التعلم اسرع بوجود الكلمات المكتوبة,Arabic,helps,learning (broadly),,in_english,no,لا اعرف,,,Arabic,Yes,0,no_headphones,33,f,masters,Saudi,UK,Arabic,5,advanced,9,1,mobile,2838.8,0.202806161,25
5044345,start,no_diff,easier,no_diff,بنسبة كبيرة ,Arabic,,,,in_english,yes,لتسهيل معرفتها ,clarifying and consolidating new language,,Arabic,Yes,0,no_headphones,44,f,doctorate,Egyptian,Egypt,Arabic,3,intermediate,6,1,mobile,1528.410714,0.603318604,28
5047738,start,easier,easier,no_diff,نوعا ما,Arabic,,,,in_arabic,yes,ليسهل علي حفظها,memorisation,,Arabic,Yes,0.33,no_headphones,45,f,bachelors,Saudi,Saudi Arabia,Arabic,4,intermediate,7,1,mobile,1568.62069,0.668964544,29
5059373,start,no_diff,easier,difficult,yes it did because i could remember the words easier ,English,helps,remembering (broadly),,in_english,yes,i am a visual learner,learning style,,English,Yes,0.08,no_headphones,24,f,masters,Algerian,Algeria ,Arabic,4,advanced,12,1,computer,4321.760465,2.017250046,43
5059373,start,no_diff,easier,difficult,,,,,,in_english,yes,and seeing the words written help me to memorize better ,memorisation,,English,Yes,0.08,no_headphones,24,f,masters,Algerian,Algeria ,Arabic,4,advanced,12,1,computer,4321.760465,2.017250046,43
5082294,no_see,no_diff,easier,difficult,لا,Arabic,doesn't help,,,in_english,yes,to remember it,remembering (broadly),,English,Yes,0.18,no_headphones,18,f,bachelors,Saudi,Saudi Arabia,Arabic,5,nearnative,12,1,computer,1793.5,1.476860635,34
5082295,no_see,no_diff,easier,difficult,"نعم ، لمدى كثير جدا بالمكتوبه استطيع معرفه النطق الصحيح",Arabic,helps,clarify what I heard,,in_english,no,ليس مهم في هذا الوقت,,,Arabic,Yes,0.03,earphones,18,f,secondary,Saudi,Saudi Arabia,Arabic,4,intermediate,11,1,tablet,2013.022222,2.243417131,45
5089629,start,difficult,easier,easier,#N/A,,,,,#N/A,#N/A,#N/A,,,,Yes,0.72,earphones,39,m,doctorate,Algerian,Algeria ,Arabic,4,advanced,12,1,mobile,2221.036,0.146832144,25
5089630,no_see,easier,easier,difficult,"yes, it makes it easier to remembr the word because you saw its spelling",English,helps,remembering (broadly),,in_english,yes,to remember them,remembering (broadly),,English,Yes,0.51,no_headphones,18,f,secondary,Saudi,Saudi Arabia,Arabic,3,intermediate,11,1,computer,2031.472222,1.624607526,36
5097676,end,easier,easier,difficult,"يجعل التذكر اسرع 
",Arabic,helps,remembering (broadly),,in_english,yes,تثبت الكلمة اسرع ,speed of learning,,Arabic,Yes,0.59,earphones,17,f,bachelors,Saudi,Saudi Arabia,Arabic,3,intermediate,11,1,computer,1222.181818,1.237448454,33
5155297,no_see,easier,easier,difficult,sometime,English,,,,in_arabic,yes,to ramber the word,remembering (broadly),,English,Yes,0,headphones,34,m,bachelors,Saudi,UK,Arabic,1,intermediate,8,1,computer,2503.819048,1.714408429,42
5155797,start,difficult,easier,difficult,no,English,doesn't help,,,in_english,no,to make sure I pronounce it correctly ,spelling doesn't reflect pronunciation,,English,Yes,0,no_headphones,19,m,secondary,Syrian,Sweden ,Arabic,5,nearnative,12,1,mobile,1963.689655,0.576519648,29
5182922,middle,easier,easier,difficult,نعم- ساعدتني كثيرا الكلمات المكتوبة,Arabic,helps,,,in_english,yes,لكي يسهل حفظها,memorisation,,Arabic,Yes,0.61,earphones,27,f,bachelors,Saudi,UK,Arabic,4,intermediate,11,1,mobile,3269,1.482212908,36
5182923,start,easier,easier,difficult,yes,English,doesn't help,,,in_english,yes,to know how to spell it ,clarifying and consolidating new language,correct production,English,Yes,0.1,earphones,32,f,bachelors,Tunisian,UK,Arabic,4,advanced,12,1,mobile,1487.545455,1.198699837,33
5189512,middle,difficult,no_notice,no_diff,It made it easier to remember the words ,English,helps,remembering (broadly),,in_english,no,not sure ,,,English,Yes,0.69,no_headphones,18,f,secondary,Egyptian,Netherlands,Arabic,5,nearnative,9,1,computer,1660.173913,0.022800022,23
5196532,no_see,difficult,easier,difficult,connection between the letters and pronunciation might help to remeber. I am not sure if I understood the question. ,English,helps,connect audio and visual input (broadly),map sounds and letters,in_english,yes,mental connection between letters and how the sound.,clarifying and consolidating new language,decoding sounds and letters,English,Yes,0,no_headphones,34,f,doctorate,Saudi,UK,Arabic,4,advanced,11,1,computer,2064.996667,0.76893094,30
5196532,no_see,difficult,easier,difficult,,,,,,in_english,yes,"make sure about the right sound. for example, bin or ban. to make sure i got the right word",clarifying and consolidating new language,correct comprehension,English,Yes,0,no_headphones,34,f,doctorate,Saudi,UK,Arabic,4,advanced,11,1,computer,2064.996667,0.76893094,30
5201553,no_see,no_notice,easier,difficult,You can learn better when you see the words rather when you hear them.,English,helps,learning (broadly),,in_english,yes,This way you remember it better.,remembering (broadly),,English,Yes,0.24,no_headphones,57,f,masters,Lebanese,Australia,Arabic,5,nearnative,12,1,computer,2760.267568,1.377732622,37
5201938,start,difficult,easier,difficult,to remember the word ,English,helps,remembering (broadly),,in_english,yes,to remember the word,remembering (broadly),,English,Yes,0,no_headphones,42,f,doctorate,Palestinian,UK,Arabic,3,intermediate,10,1,computer,2370.112903,0.986560854,31
5201938,start,difficult,easier,difficult,,,,,,in_english,yes,and know how to write it ,clarifying and consolidating new language,correct production,English,Yes,0,no_headphones,42,f,doctorate,Palestinian,UK,Arabic,3,intermediate,10,1,computer,2370.112903,0.986560854,31
5212730,middle,no_notice,easier,easier,نعم,Arabic,,,,in_arabic,yes,لمعرفة كيفيةكتابتها,clarifying and consolidating new language,correct production,Arabic,Yes,0,earphones,29,m,professional qualification,Syrian,Turkey,Arabic,5,advanced,11,1,mobile,1754.425926,0.481087658,27
5212731,start,no_diff,easier,difficult,الاستماع والقراءة معا تجعل من التعلم أسهل,Arabic,helps,connect audio and visual input (broadly),,in_english,no,ممكن أن أتشتت عن استماع الكلمة بالشكل الصحيح وأركز على شكها فقط,it's too much to process,,Arabic,Yes,0.32,earphones,24,f,bachelors,Jordanian,Jordan,Arabic,4,intermediate,8,1,computer,2681.724138,0.809564725,29
5229722,no_see,no_notice,easier,difficult,"As some of the words sound similar, seeing it wtitten helped me distinguish between them when hearing them so I would say it helped a lot in that case",English,helps,clarify what I heard,differentiate similar sounds/ words,in_english,yes,This way I got more information which means more links to the word to easily recall it.,visual association,,English,Yes,0.15,no_headphones,29,m,bachelors,Palestinian,Jordan,Arabic,5,advanced,12,1,mobile,2891.982353,1.319327999,34
5229722,no_see,no_notice,easier,difficult, it also helped with other cases as linking the image and the sound with a written word made it easier to remember.,English,helps,connect audio and visual input (broadly),associate word and image,in_english,yes,,,,,Yes,0.15,no_headphones,29,m,bachelors,Palestinian,Jordan,Arabic,5,advanced,12,1,mobile,2891.982353,1.319327999,34
5246620,no_see,easier,easier,difficult,"not much 
",English,doesn't help,,,in_english,yes,to make easier for me ,,,English,Yes,0.56,no_headphones,31,m,masters,Sudanese,Jordan,Arabic,5,nearnative,11,1,computer,1558.555556,0.506948829,27
5247103,start,easier,difficult,difficult,yes. It was easier to remember the words.,English,helps,remembering (broadly),,in_english,yes,"In English , there is a difference between the  speling  and the pronouncing of  words, which make it importing to learn the the speling of a new word when hearing it .",clarifying and consolidating new language,decoding sounds and letters,English,Yes,0.62,earphones,25,f,masters,Saudi,Saudi Arabia,Arabic,3,intermediate,11,1,computer,2330.62069,0.576519648,29
5298847,no_see,no_notice,no_diff,no_diff,sometimes it helps and sometimes it doesn't,English,,,,in_english,yes,"Because if I don't, I sometimes mishear some sounds. The same is true in both languages and especially in songs.",clarifying and consolidating new language,correct comprehension,English,Yes,0,no_headphones,38,f,doctorate,Libyan,UK,Arabic,5,nearnative,12,1,computer,1743.405263,1.683227016,38
5298847,no_see,no_notice,no_diff,no_diff,,,,,,in_english,yes,Looking at orthography also helps with etymology and morphemes.,visual association,,English,Yes,0,no_headphones,38,f,doctorate,Libyan,UK,Arabic,5,nearnative,12,1,computer,1743.405263,1.683227016,38
5299874,no_see,difficult,easier,difficult,0.7,,,,,in_english,yes,easier to remember ,remembering (broadly),,English,Yes,0.14,no_headphones,23,f,bachelors,Saudi,Saudi Arabia,Arabic,5,intermediate,9,1,computer,2155.6875,1.103307446,32
5304273,start,difficult,easier,easier,yes - easier to help remember when in english,English,helps,remembering (broadly),,in_english,no,easier to hear and then understand how its written,sound is more important/ beneficial,,English,Yes,0.63,no_headphones,26,m,bachelors,British,UK,English,0,none,NA,1,mobile,2048.514286,1.376497319,35
5305661,middle,easier,easier,difficult,Easier to visualise,English,helps,connect audio and visual input (broadly),visualise words,in_english,yes,easier way to distinguish or make a memory to a picture/object,(about the experiment),,English,Yes,0,no_headphones,27,m,bachelors,British,UK,English,0,none,NA,1,computer,2620.253049,1.871201045,41
5308502,start,difficult,easier,difficult,i think it aided the distinction between similar sounding words,English,helps,clarify what I heard,differentiate similar sounds/ words,in_english,yes,association ,visual association,,English,Yes,0,no_headphones,25,m,masters,British,UK,English,0,none,NA,1,mobile,1251.53125,0.993938706,32
5308657,start,no_diff,easier,no_diff,"Yes, in English because it helped me to clarify if I had heard the spoken pronunciation correctly. I was often surprised at the spelling (e.g. ""nadus"" spelt nad-I-s).",English,helps,clarify what I heard,,in_english,yes,"Because I'm quite a visual and textual learner and slightly deaf, so I rely more on what I see than what I hear.",learning style,,English,Yes,0.01,no_headphones,54,m,masters,British,UK,English,0,none,NA,1,computer,1498.425,0.599213186,28
5308960,start,difficult,easier,no_diff,"In english, enabled me to spell it out in my head",English,helps,connect audio and visual input (broadly),map sounds and letters,in_english,yes,"Easily noticeable differences in spelling, allowed differentiation between words that did sound pretty similar",(about the experiment),,English,Yes,0.53,no_headphones,26,m,masters,British,UK,English,0,none,NA,1,computer,1846.056757,1.339912341,37
5312160,start,no_diff,easier,difficult,It makes a difference to me in general because I can see the sounds I am unable to pick up by just listening.,English,helps,clarify what I heard,,in_english,yes,"Because otherwise I do not have the correct ""image"" of the word and may learn it distorted. In order to hear a word correctly I have to hear it repeated quite a few times.",clarifying and consolidating new language,correct comprehension,English,Yes,0.09,headphones,45,f,masters,Polish,UK,English,0,none,NA,1,computer,2474.96875,1.325370241,32
5312301,middle,difficult,easier,difficult,Yes - dual coding,English,helps,connect audio and visual input (broadly),,in_english,yes,To support learning,,,English,Yes,0.47,headphones,30,f,masters,British,UK,English,0,none,NA,1,computer,943.2516129,0.990268972,31
5312548,start,difficult,easier,no_diff,I found English written words slightly helpful,English,helps,,,in_english,yes,Learning the spelling of a word allows you to use it in writing. I find it frustrating being unsure about the spelling of a word when I want to use it in writing.,clarifying and consolidating new language,correct production,English,Yes,0.33,earphones,30,m,masters,British,UK,English,0,none,NA,1,computer,1532.466667,2.563103131,48
5312548,start,difficult,easier,no_diff,while Arabic written words were more of a distraction.,English,doesn't help,distracting (from sounds),,in_english,yes,,,,,Yes,0.33,earphones,30,m,masters,British,UK,English,0,none,NA,1,computer,1532.466667,2.563103131,48
5315514,start,no_diff,easier,difficult,Much easier to remember,English,helps,remembering (broadly),,in_english,yes,It helps reinforce it,clarifying and consolidating new language,,English,Yes,0.79,no_headphones,63,f,professional qualification,British,UK,English,0,none,NA,1,computer,2464.657143,0.557548905,28
5322227,start,no_diff,easier,difficult,It was easier to distinguish them,English,helps,clarify what I heard,differentiate similar sounds/ words,in_english,yes,It helps visualise the word,visualisation,,English,Yes,0.16,no_headphones,37,f,masters,American,UK,English,0,none,NA,1,computer,2038.961538,0.304694613,26
5323642,middle,difficult,easier,difficult,"I think seeing the written words alongside hearing the new words was helpful. This is becuase some of the new words sounded very similar to each other... letters that have a similar English pronunciation such as 'v & f', or, 'm & n', when in a similar word are slighlty tricker to distinguish from one another on hearing them for the first time.",English,helps,clarify what I heard,differentiate similar sounds/ words,in_english,yes,"Because I think it's so easy to mishear words. Especially in the flow of a conversation, and a new word jumps out to you. If I've been watching a TV program, and heard a new word, I'll often google it – and find I've spelt it incorrectly because I've misheard the pronunciation. Or the person speaking the word may have an accent, so things like vowels or inflections can get misinterpretted. The funniest instance of this is hearing new songs for the first time – I'm 98% guarenteed to sing several words/lines of the song wrong, because my brain fills in what it think's it's hearing with the first word it sounds like to me. But on googling the lyrics, I see what the artist is actually singing about. ",clarifying and consolidating new language,correct comprehension,English,Yes,0,headphones,32,f,bachelors,British,UK,English,0,none,NA,1,computer,1194.439024,1.797402093,41
5323642,middle,difficult,easier,difficult,"Even first letters that are less likely to become muddled, when in a similar word structure, (like Nadis and Famis) becomes slightly confusing. Seeing the word written out, helped assure me of what the spoken was. ",English,helps,clarify what I heard,,in_english,yes,"So for me, I think seeing spelling/words written out, helps me to remember what I'm hearing, and helps me to correcty pronounce (or sing) the words and songs in the future. Though you do make people laugh when you say things wrong and that can be funny!",clarifying and consolidating new language,correct production,English,Yes,0,headphones,32,f,bachelors,British,UK,English,0,none,NA,1,computer,1194.439024,1.797402093,41
5327303,middle,no_notice,no_diff,no_diff,I was concentrating almost purely on the sound of words,English,doesn't help,better to ignore/ focus on sounds,,in_english,yes,"Moslty so you know, or can at least have a good guess, on how to pronounce it",clarifying and consolidating new language,correct production,English,Yes,0.19,headphones,32,m,masters,British,UK,English,0,none,NA,1,computer,1825.972973,1.654670951,37
5328002,start,no_diff,easier,difficult,"Yes, easier to associate the word with the object when you can see the spelling ",English,helps,connect audio and visual input (broadly),associate word and image,in_english,no,because hearing and seeing is enough ,it's too much to process,,English,Yes,0,no_headphones,27,f,masters,British,UK,English,0,none,NA,1,computer,1650.625,0.657502507,28
5330132,middle,no_diff,easier,difficult,easier to remember ,English,helps,remembering (broadly),,in_english,yes,helps you understand and remember ot corectly and hear the words are slightly different ,clarifying and consolidating new language,correct comprehension,English,Yes,0.62,earphones,33,f,bachelors,British,UK,English,0,none,NA,1,mobile,1462.022222,1.485485098,36
5331395,start,easier,easier,difficult,Yes,English,,,,in_arabic,yes,لكي افهمها جيداً ,clarifying and consolidating new language,correct comprehension,Arabic,Yes,0.04,earphones,35,f,secondary,Jordanian,Jordan,Arabic,4,beginner,5,1,mobile,1937.546429,0.58679525,28
5332522,middle,no_diff,no_diff,no_notice,something else to help me remember!,English,helps,remembering (broadly),,in_english,yes,it helps me sound it out loud,clarifying and consolidating new language,decoding sounds and letters,English,Yes,0.04,earphones,28,f,bachelors,British,UK,English,0,none,NA,1,mobile,1579.633333,1.048611213,30
5332522,middle,no_diff,no_diff,no_notice,,,,,,in_english,yes,which helps me with pronunciation and word recognition,clarifying and consolidating new language,correct production,English,Yes,0.04,earphones,28,f,bachelors,British,UK,English,0,none,NA,1,mobile,1579.633333,1.048611213,30
5332522,middle,no_diff,no_diff,no_notice,,,,,,in_english,yes,as well as with recall,remembering (broadly),,English,Yes,0.04,earphones,28,f,bachelors,British,UK,English,0,none,NA,1,mobile,1579.633333,1.048611213,30
5332693,start,no_diff,easier,no_diff,"In english yes, as could actively read the word while it was being said.",English,helps,connect audio and visual input (broadly),map sounds and letters,in_english,yes,"Visual learner, my memory seems quite dependent on having something in front of me to help with learning",learning style,,English,Yes,0.22,earphones,25,f,masters,British,UK,English,0,none,NA,1,computer,1603.197619,2.011129801,42
5333575,middle,easier,easier,difficult,It helped to pair the visual with the sounds in my head,English,helps,connect audio and visual input (broadly),map sounds and letters,in_english,yes,visual and sound connection,visual association,,English,Yes,0.61,no_headphones,45,f,masters,American,UK,English,0,none,NA,1,computer,1819.940625,1.281551566,32
5333575,middle,easier,easier,difficult,as I would try to say them if they were written in English. ,English,helps,rehearse words,,in_english,yes,,,,English,Yes,0.61,no_headphones,45,f,masters,American,UK,English,0,none,NA,1,computer,1819.940625,1.281551566,32
5335169,start,no_diff,easier,difficult,"As many of the words sounded the same, seeing them written helped. Although still hard to remember which is which after the 2 object game",English,helps,clarify what I heard,differentiate similar sounds/ words,in_english,yes,"Because some letters sound similar, it re-enforces you are hearing the correct sound",clarifying and consolidating new language,correct comprehension,English,Yes,0.08,no_headphones,30,f,bachelors,British,UK,English,0,none,NA,1,computer,2017.727273,1.124513429,33
5335700,start,no_diff,easier,no_diff,"Yes, it created a mental image which made choosing easier. ",English,helps,connect audio and visual input (broadly),,in_english,yes,So I can differentiate between the sounds. ,clarifying and consolidating new language,correct comprehension,English,Yes,0.51,no_headphones,34,f,bachelors,Saudi,Saudi Arabia,Arabic,5,nearnative,10,1,computer,1687.881579,1.609651919,38
5335791,no_see,easier,easier,difficult,رؤية الكلمات العربية سهل تذكرها بالنسبة لي اكثر من الانجليزية,Arabic,helps,remembering (broadly),,in_arabic,yes,أحياناً أتذكر شكل الكلمة فيساعدني على تذكر الكلمة نفسها مثلا أثناء الاختبارات المدرسية,visualisation,,Arabic,Yes,0,no_headphones,28,f,masters,Saudi,Saudi Arabia,Arabic,5,advanced,12,1,computer,2143.174286,1.346531575,35
5336078,no_see,no_notice,easier,difficult,"yes, alot",English,,,,in_english,yes,it helps me remember the word ,remembering (broadly),,English,Yes,0.17,earphones,32,f,masters,Saudi,UK,Arabic,4,advanced,11,1,computer,1506.806452,0.749826661,31
5336140,no_see,difficult,difficult,easier,sometime i get distracted by the written word as it does not make me focus as much on the picture.,English,doesn't help,distracting (from sounds),,in_english,no,beacuse sometimes writing does not refelct how we speak the language. there may be little correspondnce between the writing systme and the sound of a language.  ,spelling doesn't reflect pronunciation,,English,Yes,0.28,earphones,28,f,masters,Saudi,Saudi Arabia,Arabic,5,advanced,9,1,computer,1823.448276,0.705130097,29
5336201,start,no_diff,easier,easier,it helps to picture the word when looking at the picture so they become like a pair in my mind,English,helps,connect audio and visual input (broadly),associate word and image,in_english,yes,because you can then visualise the word as well,visualisation,,English,Yes,0.05,no_headphones,32,f,masters,British,UK,English,0,none,NA,1,computer,2053.080952,2.066614387,42
5336201,start,no_diff,easier,easier,,,,,,in_english,yes,and maybe notice patterns in spellings if it is similar to a word you already know. ,visual association,,English,Yes,0.05,no_headphones,32,f,masters,British,UK,English,0,none,NA,1,computer,2053.080952,2.066614387,42
5336201,start,no_diff,easier,easier,,,,,,in_english,yes,You can also make sure you are pronouncing it correctly if you see it. (if you can read) ,clarifying and consolidating new language,correct production,English,Yes,0.05,no_headphones,32,f,masters,British,UK,English,0,none,NA,1,computer,2053.080952,2.066614387,42
5336601,no_see,no_notice,easier,difficult,writing words in Arabic made it somehow challenging to learn them. ,English,doesn't help,,,in_english,yes,to draw a connection between the sound and the written form.,visual association,,English,Yes,0.01,headphones,26,f,masters,Saudi,Saudi Arabia,Arabic,4,advanced,12,1,mobile,1356.074074,0.394883754,27
5336601,no_see,no_notice,easier,difficult,,,,,,in_english,yes,it also helps if I miss how each sound is pronounced. ,clarifying and consolidating new language,correct comprehension,English,Yes,0.01,headphones,26,f,masters,Saudi,Saudi Arabia,Arabic,4,advanced,12,1,mobile,1356.074074,0.394883754,27
5336602,middle,difficult,easier,difficult,ربط الصور مع الكلمات يجعل عمليه التذكر اسهل,Arabic,helps,connect audio and visual input (broadly),associate word and image,in_english,yes,#N/A,,,,Yes,0.02,headphones,21,m,bachelors,Saudi,Saudi Arabia,Arabic,3,intermediate,9,1,computer,1765.133333,0.650473722,24
5336722,middle,easier,easier,no_diff,"Maybe it has made it easier a little bit, but I relied more on memorizing the shape and the word heard.",English,doesn't help,better to ignore/ focus on sounds,,in_english,yes,To realize how it's pronounced later when I see the word.,clarifying and consolidating new language,correct production,English,Yes,0,earphones,32,f,masters,Saudi,Saudi Arabia,Arabic,5,nearnative,11,1,computer,2251.402381,2.066614387,42
5337014,middle,no_notice,no_notice,easier,I don't know ,English,,,,in_english,yes,I can recognise it and remember it faster ,speed of learning,,English,Yes,0.15,no_headphones,28,f,doctorate,Saudi,UK,Arabic,4,advanced,11,1,mobile,1572.209091,0.02115914,22
5337115,no_see,easier,easier,easier,1,,,,,in_english,yes,لاحفظها بسرعة,speed of learning,,Arabic,Yes,0,no_headphones,41,f,bachelors,Saudi,Saudi Arabia,Arabic,5,beginner,5,1,computer,1595.116667,0,24
5337166,no_see,easier,easier,difficult,الفرق بدى واضحًا في الكلمات المتشابهه مثل Fan Van ,Arabic,helps,clarify what I heard,differentiate similar sounds/ words,in_english,yes,يسهل تذكر شكل الحروف ,visualisation,,Arabic,Yes,0.17,no_headphones,22,f,bachelors,Saudi,Saudi Arabia,Arabic,3,intermediate,9,1,mobile,2511.090909,0.074186408,22
5337282,middle,easier,easier,difficult,yes it takes time to remember the words and make a connection between each shape and its related words.,English,helps,connect audio and visual input (broadly),,in_english,yes,its help me to draw a vision on my mind and link between the word and the shape,visual association,,English,Yes,0.81,headphones,42,f,masters,Saudi,UK,Arabic,4,intermediate,10,1,computer,2597.826923,0.345142621,26
5337460,start,difficult,easier,no_diff,"It made it easier to distinguish between different words by associating the picture with how the word was written, especially when two words sounded very similar.",English,helps,clarify what I heard,differentiate similar sounds/ words,in_english,no,"Maybe the first time it's important to try to focus only on the sounds, but by the second time, I do prefer to have the written version too.",sound is more important/ beneficial,,English,Yes,0.74,headphones,31,f,masters,British,Spain,English,0,none,NA,1,computer,1523.16,0.76893094,30
5337506,start,difficult,easier,easier,اسهل في القراءه,Arabic,helps,,,in_english,yes,لاتذكر شكلها في ذهني,visualisation,,Arabic,Yes,0.31,no_headphones,26,f,bachelors,Saudi,UK,Arabic,2,beginner,9,1,mobile,4033.412121,1.283336397,33
5337579,start,easier,easier,difficult,نعم أحدث فرقا كبيرا,Arabic,,,,in_arabic,yes,لافهم اكثر,clarifying and consolidating new language,correct comprehension,Arabic,Yes,0.56,earphones,31,f,secondary,Syrian,UK,Arabic,3,advanced,7,1,mobile,1674.634483,0.73723362,29
5338152,no_see,easier,easier,difficult,نعم,Arabic,,,,in_english,yes,to know how it is written,clarifying and consolidating new language,,English,Yes,0.37,no_headphones,33,f,masters,Saudi,UK,Arabic,5,advanced,12,1,mobile,1843.185185,0.610604416,27
5338550,middle,no_diff,easier,difficult,i felt it was easier to remember the picture and the word together when they flashed up on scren together - like trying to take a mental screenshot,English,helps,connect audio and visual input (broadly),associate word and image,in_english,yes,to confirm youve heard the sounds correctly,clarifying and consolidating new language,correct comprehension,English,Yes,0.13,no_headphones,26,f,bachelors,British,UK,English,0,none,NA,1,mobile,1472.95,1.648631924,40
5338565,end,easier,no_notice,easier,it is help some time to remember,English,helps,remembering (broadly),,in_english,yes,To say it correct ,clarifying and consolidating new language,correct production,English,Yes,0,no_headphones,29,f,bachelors,Saudi,UK,Arabic,3,intermediate,9,1,mobile,2828.363636,1.318687909,33
5338600,start,no_diff,easier,difficult,"Seeing english written words helped me differitiate between the different similar words,ie, helped notice if it ended in T rather S",English,helps,clarify what I heard,differentiate similar sounds/ words,in_english,yes,Allows you to see all the different letters in the word that you might miss through hearing,clarifying and consolidating new language,correct comprehension,English,Yes,0,earphones,23,m,bachelors,British,UK,English,0,none,NA,1,mobile,2008.060606,1.163348325,33
5338811,start,difficult,easier,difficult,نعم,Arabic,,,,in_english,yes,حتى ترتكز في المخ,clarifying and consolidating new language,,Arabic,Yes,0,no_headphones,33,f,masters,Saudi,Saudi Arabia,Arabic,3,beginner,9,1,mobile,1587.580645,1.031609345,31
5338948,start,easier,easier,difficult,جعل تذكرها اسهل ,Arabic,helps,remembering (broadly),,in_arabic,yes,لا اعلم,,,Arabic,Yes,0.54,no_headphones,25,f,bachelors,Saudi,Saudi Arabia,Arabic,4,advanced,9,1,mobile,1553.702703,1.48467206,37
5339069,end,easier,easier,difficult,"Yes, I feel that I can remember the written words easier ",English,helps,remembering (broadly),,in_english,yes,"because it helps in remembering the words, therefore the next time I want to use this word, I visualize how it is written in my brain",visualisation,,English,Yes,0,no_headphones,26,f,masters,Saudi,Saudi Arabia,Arabic,4,intermediate,9,1,computer,2538.866667,0.964462228,27
5339069,end,easier,easier,difficult,,,,,,in_english,yes,and then use it.,clarifying and consolidating new language,correct production,English,Yes,0,no_headphones,26,f,masters,Saudi,Saudi Arabia,Arabic,4,intermediate,9,1,computer,2538.866667,0.964462228,27
5339584,start,no_diff,easier,difficult,"yes, helps to understand and triggers visual memory",English,helps,remembering (broadly),,in_english,yes,helps to remember,remembering (broadly),,English,Yes,0.07,no_headphones,28,f,masters,British,France,English,0,beginner,NA,1,mobile,1539.703571,0.46190409,28
5339892,end,difficult,easier,difficult,"نعم، أصبحت الفروق واضحة بين F و V. كما كانت القراءة والاستماع في آن وحدا وسيلة للتأكيد على حفظ الكلمة. ",Arabic,helps,clarify what I heard,differentiate similar sounds/ words,in_english,yes,"حتى أفرق بينها وبين كلمة أخرى شبيهة، وحتى أتعرف عليها في سياق القراءة",clarifying and consolidating new language,correct comprehension,Arabic,Yes,0.75,headphones,28,f,bachelors,Omani,Oman,Arabic,5,nearnative,11,1,computer,3315.955172,0.99425816,29
5339892,end,difficult,easier,difficult,,,,,,in_english,yes, ولأتمكن من استخدامها في التحدث والكتابة.  ,clarifying and consolidating new language,correct production,Arabic,Yes,0.75,headphones,28,f,bachelors,Omani,Oman,Arabic,5,nearnative,11,1,computer,3315.955172,0.99425816,29
5339906,start,no_diff,easier,easier,helped figure out the subtle differences  in pronunciations ,English,helps,clarify what I heard,differentiate similar sounds/ words,in_english,yes,to learn it correctly from the beginning ,clarifying and consolidating new language,,English,Yes,0.01,earphones,41,f,bachelors,American,USA,English,0,none,NA,1,mobile,1952.923077,1.931279292,39
5340413,start,no_diff,easier,difficult,Seeing the letters m/n and v/f helped me know these words better for when the 'test'.,English,helps,remembering (broadly),focus on first letter,in_english,yes,"Actually, it depends, but the questionnaire doesn't allow for this answer... I learned some words better WITH spelling, and some words better WITHOUT the spelling, weird?",,,English,Yes,0.01,no_headphones,33,f,masters,British,UK,English,0,none,NA,1,computer,2481.655556,2.209765973,45
5341797,middle,easier,easier,difficult,"نعم، لأنني أربط بين شكل الكلمة والصورة",Arabic,helps,connect audio and visual input (broadly),associate word and image,in_english,yes,"حتى أعرف النطق الصحيح، لأنني أحيانا لا أفرق بين f و v.

فرؤية الكلمات مكتوبة يساعد على التعلم",clarifying and consolidating new language,correct production,Arabic,Yes,0.15,headphones,26,m,masters,Saudi,Saudi Arabia,Arabic,5,advanced,9,1,mobile,1681.352941,1.302172119,34
5341799,start,easier,easier,difficult,"yes, definitely",English,,,,in_english,yes,to mach what I'm listening to ,visual association,,English,Yes,0.61,no_headphones,39,m,doctorate,Saudi,UK,Arabic,5,advanced,11,1,computer,2583.955263,1.606626875,38
5341802,start,easier,easier,no_diff,نعم,Arabic,,,,in_arabic,yes,ربط بين الصوت والشكل,visual association,,Arabic,Yes,0.07,no_headphones,37,f,doctorate,Jordanian,Jordan,Arabic,3,intermediate,9,1,computer,1686.761905,-0.219133607,21
5341833,start,no_diff,easier,difficult,"Helped with initial consonent (e.g. v/f, m/n)",English,helps,clarify what I heard,differentiate similar sounds/ words,in_english,no,"English spelling can be misleading (e.g. the second vowel sound in ""Nasit"" sounded more like the oo in ""foot"" to me). Phonetic spelling perhaps more helpful (although this also needs learning, of course!)",spelling doesn't reflect pronunciation,,English,Yes,0.11,headphones,42,m,masters,British,The Netherlands,English,0,none,NA,1,computer,2339.414894,2.450335953,47
5341870,end,no_diff,easier,no_notice,It made a difference in English because my eyes were naturally drawn to the English words. ,English,helps,,,in_english,yes,Because you can identify with the word easier when you see it written down in a text ,clarifying and consolidating new language,correct comprehension,English,Yes,0.11,earphones,43,m,bachelors,Irish,Spain,English,0,none,NA,1,computer,1882.811111,1.669943664,36
5341870,end,no_diff,easier,no_notice,"To be honest, I ignored the Arabic script and just focused on the pictures.",English,doesn't help,better to ignore/ focus on sounds,,in_english,yes,,,,,Yes,0.11,earphones,43,m,bachelors,Irish,Spain,English,0,none,NA,1,computer,1882.811111,1.669943664,36
5342157,no_see,easier,no_notice,difficult,استيعاب لكثر ,Arabic,helps,learning (broadly),,in_arabic,yes,حتى استطيع الربط,visual association,,Arabic,Yes,0,no_headphones,28,f,secondary,Saudi,Saudi Arabia,Arabic,1,beginner,4,1,tablet,1974.864865,1.264425679,37
5342157,no_see,easier,no_notice,difficult,,,,,,in_arabic,yes,ويسهل المفظ,memorisation,,Arabic,Yes,0,no_headphones,28,f,secondary,Saudi,Saudi Arabia,Arabic,1,beginner,4,1,tablet,1974.864865,1.264425679,37
5342157,no_see,easier,no_notice,difficult,,,,,,in_arabic,yes,والتأكد من الاملاء للكلمة,clarifying and consolidating new language,,Arabic,Yes,0,no_headphones,28,f,secondary,Saudi,Saudi Arabia,Arabic,1,beginner,4,1,tablet,1974.864865,1.264425679,37
5343885,start,no_diff,easier,no_diff,When they were written in English it made it easier to remember for me,English,helps,remembering (broadly),,in_english,yes,To help visualise the word,visualisation,,English,Yes,0.01,no_headphones,39,f,professional qualification,British,Australia,English,0,none,NA,1,computer,1498.135135,1.409108447,37
5344305,end,no_diff,no_diff,no_notice,"Not for me, I read them when I noticed them but  it didn't seem to help, I tried to visually attach the sound to the image or something that might help me remember.... Like the 'famus' (sp!) sounded like 'female' and the item looked female! ",English,doesn't help,better to ignore/ focus on sounds,,in_english,no,"Because, that's how I learnt French. However, my spelling is awful so it probably is important to do so but it wasn't something that stopped me learning to speak. ",previous (language) learning,,English,Yes,0,earphones,31,f,bachelors,British,France,English,0,none,NA,1,mobile,1459.811628,2.049726866,43
5353998,start,no_diff,no_diff,no_diff,no,English,doesn't help,,,in_english,yes,to avoid mishearing ,clarifying and consolidating new language,correct comprehension,English,Yes,0.02,no_headphones,37,f,bachelors,British,UK,English,0,none,NA,1,mobile,1523.560976,1.862720503,41
5354235,middle,no_diff,no_notice,no_notice,no as i didnt understand tge arabic writing ,English,doesn't help,unfamiliar,,in_english,yes,it hekps clarify the letters eg f or. v ,(about the experiment),,English,Yes,0.69,no_headphones,53,f,bachelors,British,UK,English,0,none,NA,1,mobile,1552.115385,0.33608117,26
5356536,start,no_diff,no_diff,no_diff,no difference,English,doesn't help,,,in_arabic,no,speaking and listening is the first skills in a new language,previous (language) learning,,English,Yes,0.68,no_headphones,29,f,bachelors,British,UK,English,0,none,NA,1,mobile,1383.842105,1.606551949,38
5356537,start,difficult,easier,difficult,"much easier in english, and seeing the spelling helped in remembering ",English,helps,remembering (broadly),,in_english,yes,"to ensure dont mishear, esoecially with similar letters, like v and f or m and n ",(about the experiment),,English,Yes,0.17,no_headphones,25,f,masters,British,UK,English,0,none,NA,1,mobile,1195.388889,1.73467568,36
5357670,middle,no_diff,easier,easier,"It was visually associative, whether in Arabic or English.",English,helps,connect audio and visual input (broadly),,no_OI,no,"I think it interferes with my listening to see the word, whether in Arabic or English.",it's too much to process,,English,Yes,0.06,headphones,64,f,bachelors,American,Portugal,English,0,none,NA,1,computer,2231.837838,1.764871092,37
5357670,middle,no_diff,easier,easier,"However, sometimes with the English words, I concentrated more on the visual aspect of the word  rather than the sound",English,doesn't help,distracting (from sounds),,no_OI,no,,,,,Yes,0.06,headphones,64,f,bachelors,American,Portugal,English,0,none,NA,1,computer,2231.837838,1.764871092,37
5357676,no_see,easier,easier,difficult,نعم فقد ساعدني في تذكر شكل الكلمة كثيرا سواء الكلمة بالعربية او الانجليزية فأنا أتخيلها واتذكر لو حتى حرفا واحدا ,Arabic,helps,connect audio and visual input (broadly),visualise words,in_arabic,yes,يساعدني جدا في تذكرها وربطها بكلمة في لغتي الام ولو برابط مضحك خاص بي انا .. لا اخبره لأحد ,visual association,,Arabic,Yes,0,no_headphones,42,f,masters,Saudi,Saudi Arabia,Arabic,2,intermediate,10,1,computer,1999.165517,0.817590605,29
5359087,no_see,no_notice,easier,no_diff,لا,Arabic,doesn't help,,,in_english,yes,أحيانًا أربط بين الشكل والصوت أو المعنى,visual association,,Arabic,Yes,0.2,no_headphones,26,f,masters,Saudi,Saudi Arabia,Arabic,2,intermediate,10,1,computer,2258.802083,2.563103131,48
5359091,no_see,no_notice,easier,difficult,اذا كانت الكلمة مكتوبة بالانجليزية اسهل,Arabic,helps,,,in_english,yes,ترتبط الصورة بشكل املاء الكلمة,(about the experiment),,Arabic,Yes,0.29,no_headphones,43,f,bachelors,Saudi,Saudi Arabia,Arabic,3,intermediate,10,1,mobile,1383.382353,1.230167664,34
5359092,start,easier,easier,difficult,فرق كبير جدا,Arabic,,,,in_english,yes,افهم الكلمة اكثر,clarifying and consolidating new language,correct comprehension,Arabic,Yes,0.07,earphones,40,f,masters,Saudi,Saudi Arabia,Arabic,1,beginner,9,1,computer,1492.88,0.305216399,25
5359677,start,no_diff,no_diff,no_diff,No,English,doesn't help,,,in_english,no,I focused more on sounds than spelling,(about the experiment),,English,Yes,0,no_headphones,34,m,doctorate,British,UK,English,0,none,NA,1,computer,1896.859459,1.516201787,37
5359752,no_see,no_diff,easier,difficult,"نعم،كتابة الكلمة باللغة الانجليزية تجعل تعلمها اسهل",Arabic,helps,learning (broadly),,in_english,yes,حتى اربط بين املاء الكلمة وصوتها ,clarifying and consolidating new language,decoding sounds and letters,Arabic,Yes,0.06,earphones,36,f,doctorate,Saudi,Saudi Arabia,Arabic,2,beginner,6,1,mobile,1820.148148,0.425002395,27
5365353,no_see,no_notice,easier,easier,no,English,doesn't help,,,in_english,no,sound moreimportant,sound is more important/ beneficial,,English,Yes,0,no_headphones,36,f,bachelors,Saudi,Saudi Arabia,Arabic,5,advanced,10,1,mobile,1376.28125,1.401697025,32
5366758,start,no_diff,easier,difficult,It made it easier to comprehend the sound,English,helps,clarify what I heard,,in_english,yes,"I find it difficult to recall the word, or understand it fully without seeing it spelt",clarifying and consolidating new language,correct comprehension,English,Yes,0.01,headphones,31,f,masters,British,Pakistan,English,0,none,NA,1,computer,2050.585714,1.416397412,35
5366758,start,no_diff,easier,difficult,and recall it,English,helps,remembering (broadly),,in_english,yes,It provides a visual cue.,visual association,,English,Yes,0.01,headphones,31,f,masters,British,Pakistan,English,0,none,NA,1,computer,2050.585714,1.416397412,35
5366866,end,no_notice,no_notice,no_notice,yes,English,,,,in_english,yes,no,,,English,Yes,0.69,no_headphones,63,f,bachelors,British,UK,English,0,none,NA,1,mobile,1481.045455,-0.105925118,22
5369858,no_see,easier,easier,difficult,إلى نسبة 50%,Arabic,,,,in_english,yes,لتمييزها عند  قرائتها,clarifying and consolidating new language,correct comprehension,Arabic,Yes,0.02,earphones,43,m,bachelors,Saudi,Saudi Arabia,Arabic,3,advanced,10,1,computer,2764.102439,1.905331543,41
5370466,no_see,no_notice,easier,easier,"لا، أركز فقط على الصوت",Arabic,doesn't help,better to ignore/ focus on sounds,,in_english,yes,لأعرف نطق الكلمة  ,clarifying and consolidating new language,correct production,Arabic,Yes,0.68,no_headphones,30,f,masters,Saudi,Saudi Arabia,Arabic,2,beginner,7,1,mobile,1692.88,0.608190707,25
5370467,no_see,difficult,easier,difficult,كانت الكلمات المكتوبة باللغة الإنجليزية أدعى لتذكرها والربط بينها وبين الصورة ,Arabic,helps,connect audio and visual input (broadly),associate word and image,in_english,yes,لأنه أدعى لتذكرها ,remembering (broadly),,Arabic,Yes,0.17,no_headphones,34,f,masters,Saudi,Saudi Arabia,Arabic,3,beginner,4,1,computer,1506.09,-0.104880103,20
5370516,start,no_diff,easier,easier,رؤية الكلمة الإنجليزية يساعدني أحيانا في استيعاب المسموع وخاصة أن الكلمات الإنجليزية تطابق حروفها الصوت المسموع. قد تؤدي الكلمات العربية الدور نفسه لو كانت الكلمات العربية مشكلة بالحركات,Arabic,helps,connect audio and visual input (broadly),map sounds and letters,in_english,yes,"كما أشرت في الإجابة على سؤال سابق،، أولا: الكلمات العربية تحتاج إلى حركات التشكيل لتؤدي نفس الغرض الذي تؤديه الكلمات الإنجليزية للصوت نفسه، وثانية في 
 (f and v) اللغة الإنجليزية أصوات غير متوفرة في حروف العربية، فمثلا الأحرف العربية لا تفرق بين صوتي ",clarifying and consolidating new language,decoding sounds and letters,Arabic,Yes,0,headphones,32,m,doctorate,Saudi,USA,Arabic,5,advanced,12,1,computer,1992.061111,1.268700069,36
5374409,middle,no_diff,easier,difficult,I could visualise what I was hearing later,English,helps,connect audio and visual input (broadly),visualise words,in_english,yes,I personally visualise what I hear,visualisation,,English,Yes,0,earphones,60,f,bachelors,British,Germany,English,0,none,NA,1,mobile,2535.34375,0.946616765,32
5374964,start,difficult,easier,no_diff,"yes, i think it helped me to remember",English,helps,remembering (broadly),,in_english,yes,if they sound similar to another word it's easier to distinguish,clarifying and consolidating new language,correct comprehension,English,Yes,0,no_headphones,32,f,bachelors,British,UK,English,0,none,NA,1,computer,2849.12,0.897086096,30
5378097,no_see,easier,easier,difficult,تقريبا,Arabic,,,,in_english,yes,لكي يسهم البصر في حفظ الكلمة ,memorisation,,Arabic,Yes,0,no_headphones,40,m,doctorate,Syrian,Saudi Arabia,Arabic,1,none,7,1,computer,3552.69697,1.198613558,33
5380819,start,difficult,no_diff,no_diff,no,English,doesn't help,,,no_OI,no,no,,,English,Yes,0.71,no_headphones,58,f,professional qualification,British,UK,English,0,none,NA,1,mobile,1922.2,2.017250046,43
5384016,start,easier,easier,easier,متوسط,Arabic,,,,in_english,yes,لتثبت في مخيلتي,visualisation,,Arabic,Yes,0,no_headphones,21,f,bachelors,Saudi,Saudi Arabia,Arabic,5,intermediate,7,1,mobile,1817.344828,1.187173833,29
5384030,start,no_diff,easier,no_diff,the English words helped my brain link the images to the sound better,English,helps,connect audio and visual input (broadly),associate word and image,in_english,yes,it links the image and sound to the picture,(about the experiment),,English,Yes,0,no_headphones,37,m,bachelors,British,UK,English,0,none,NA,1,mobile,1445.65625,0.906657254,32
5384032,start,difficult,easier,easier,some words were very similar so it made it easier to see the spelling ,English,helps,clarify what I heard,differentiate similar sounds/ words,in_english,yes,i find it easier to read the word first before looking at the picture ,(about the experiment),,English,Yes,0,no_headphones,55,f,secondary,British,UK,English,0,none,NA,1,mobile,1593.690476,2.011129801,42
5384657,no_see,no_notice,no_notice,no_diff,none,English,doesn't help,,,no_OI,no,learn by sound,sound is more important/ beneficial,,English,Yes,0.12,no_headphones,53,f,professional qualification,British,UK,English,0,none,NA,1,mobile,1470.04,0.193382252,25
5409941,start,no_notice,no_notice,no_diff,I didn't notice the written words as much as hearing them.,English,doesn't help,better to ignore/ focus on sounds,,in_english,no,"It depends on how the word the is learnt. If it is a speed learning when I'm trying to remember the sound of words, a picture associated with their meaning, and their spelling at once, it seems to overtask me. Word and picture, or sound and picture work, but all three together in a timed test is a bit much.",it's too much to process,,English,Yes,0.01,headphones,44,m,doctorate,Canadian,Canada,English,0,NA,NA,1,computer,1780.258065,0.915188153,31
5409941,start,no_notice,no_notice,no_diff,"The written words were most a distraction, and as this test appeared to be timed, it seemed ineffecient to add trying to learn the written version of the word in addition to its sound, so I mostly ignored the written words.",English,doesn't help,distracting (from sounds),,in_english,no,,,,,Yes,0.01,headphones,44,m,doctorate,Canadian,Canada,English,0,NA,NA,1,computer,1780.258065,0.915188153,31
5417849,start,no_notice,easier,difficult,"Yes, helped to know which letter each word started with.",English,helps,remembering (broadly),focus on first letter,in_english,yes,Helps understand how a word is pronounced ,clarifying and consolidating new language,correct production,English,Yes,0.03,earphones,29,f,bachelors,British,UK,English,0,none,NA,1,computer,2381.1875,0.990346467,32
5418540,middle,no_diff,easier,difficult,"Seeing the word made it easier to understand what the word was, because even if you misheard the word, the spelling was there so reinforce what the word was.",English,helps,clarify what I heard,,in_english,yes,"Seeing the word means you take the word in visually as well as through hearing it, making it easier to learn. ",visual association,,English,Yes,0,headphones,29,m,bachelors,British,UK,English,0,none,NA,1,computer,1159.044828,0.568493767,29
5418540,middle,no_diff,easier,difficult,It also meant you heard the word and saw the word so you had two chances to learn the word. ,English,helps,connect audio and visual input (broadly),,in_english,yes,,,,,Yes,0,headphones,29,m,bachelors,British,UK,English,0,none,NA,1,computer,1159.044828,0.568493767,29
5434242,middle,difficult,no_diff,no_notice,The change in language distracted from the image and sound of the word,English,,,,no_OI,no,"If the focus is purely on sound, hearing and then repeating orally is more beneficial in consistently replicating and identifying the sound/word",sound is more important/ beneficial,,English,Yes,0,headphones,24,m,professional qualification,British,UK,English,0,none,NA,1,computer,1684.733333,1.339847049,33
5439128,start,easier,easier,no_notice,إلى حد ما,Arabic,,,,in_english,yes,حتى يكون هناك ربط بين الصوت ورسم الكلمة,visual association,,Arabic,Yes,0,headphones,49,m,doctorate,Saudi,Saudi Arabia,Arabic,3,intermediate,8,1,computer,2074.296154,0.242031006,26
5440728,start,no_diff,no_diff,no_diff,"No - I think I took in the information by hearing. Perhaps a bit distracting seeing the Arabic, as I can read Farsi alphabet, and they seemed the same,  so I was actively ignoring the Arabic so I wasn't distracted and not looking at the pictures properly.",English,,,,no_OI,no,Sometimes the spelling and the pronunciation differ and I'd rather hear the word first and then read it.,spelling doesn't reflect pronunciation,,English,Yes,0.56,headphones,32,f,masters,British,UK,English,0,none,NA,1,computer,1642.977778,2.209765973,45
5442543,no_see,no_diff,no_notice,difficult,"بعض الكلمات لم ألاحظ أنها تبدأ بصوتين متشابهين
مثلا v and f  وبما أن هذه الأصوات غائبة في لغتي في الغالب لن أنتبه لها عند سماعها فقط فالإملاء يساعد في هذه الحالة",Arabic,helps,clarify what I heard,differentiate similar sounds/ words,in_english,yes,لصعوبة التفريق أحيانا بين الأصوات,clarifying and consolidating new language,correct comprehension,Arabic,Yes,0,no_headphones,27,f,masters,Saudi,Saudi Arabia,Arabic,5,advanced,12,1,mobile,1723.794872,1.566941556,39
5450539,middle,no_diff,difficult,no_diff,في الغالب لا يحدث فرق بل ربما يشتت قليلا النظر الى الكلمة المكتوبة والصورة والاستماع,Arabic,doesn't help,distracting (from sounds),,in_english,no,لانه يصعب علي المهمة في حفظ الاملاء للاحرف وحفظ الكلمة المستمعة,it's too much to process,,Arabic,Yes,0,no_headphones,22,m,bachelors,Saudi,Saudi Arabia,Arabic,2,beginner,5,1,computer,2298.724138,0.616649051,29
5452186,no_see,difficult,easier,difficult,helped me remember the words as I am a visual person,English,helps,remembering (broadly),,in_english,yes,I am a visual person.,learning style,,English,Yes,0,earphones,50,m,doctorate,Saudi,UAE,Arabic,5,nearnative,12,1,computer,1970.153846,1.931279292,39
5452186,no_see,difficult,easier,difficult,,,,,,in_english,yes,it helps me remember,remembering (broadly),,English,Yes,0,earphones,50,m,doctorate,Saudi,UAE,Arabic,5,nearnative,12,1,computer,1970.153846,1.931279292,39
5462535,middle,difficult,easier,no_notice,"to the remember of the words 
",English,helps,remembering (broadly),,in_english,yes,To understand the word more,clarifying and consolidating new language,correct comprehension,English,Yes,0.77,headphones,28,m,bachelors,Saudi,Saudi Arabia,Arabic,5,advanced,11,1,computer,1376.566667,0.223289867,24
5462535,middle,difficult,easier,no_notice,,,,,,in_english,yes,and know how to properly use it ,clarifying and consolidating new language,correct production,English,Yes,0.77,headphones,28,m,bachelors,Saudi,Saudi Arabia,Arabic,5,advanced,11,1,computer,1376.566667,0.223289867,24
5499381,no_see,no_diff,no_notice,no_diff,no difference did not look at the words trying to remember what the image looks like,English,doesn't help,better to ignore/ focus on sounds,,in_english,no,not focused on written just the sound ,(about the experiment),,English,Yes,0.05,no_headphones,58,f,secondary,British,UK,English,0,none,NA,1,computer,2234.906897,0.73317159,29
5499420,end,no_diff,easier,difficult,"Yes, seeing them helped me rehearse the word in my head.",English,helps,rehearse words,,in_english,yes,"It helps you break down the different sounds/letters involved, especially if there are three or more syllables.",clarifying and consolidating new language,decoding sounds and letters,English,Yes,0.16,no_headphones,27,f,doctorate,British,UK,English,0,none,NA,1,computer,2385.328205,1.632662149,39
5499420,end,no_diff,easier,difficult,It also confirmed the sounds that the speaker was making (e.g. v versus f),English,helps,clarify what I heard,differentiate similar sounds/ words,in_english,yes,It prevents you learning it incorrectly incase you have mishead the pronounciation.,clarifying and consolidating new language,correct comprehension,English,Yes,0.16,no_headphones,27,f,doctorate,British,UK,English,0,none,NA,1,computer,2385.328205,1.632662149,39
5499421,start,no_diff,no_diff,no_diff,I don't think so particularly. Arabic text was of no help and I don't think the English text made a noticable difference.,English,doesn't help,unfamiliar,,in_english,yes,"I think I find it quite difficult to make the correct sounds when speaking, without first seeing the word written down (assuming it is written in characters I am familiar with)",clarifying and consolidating new language,correct production,English,Yes,0.08,earphones,27,m,masters,British,UK,English,0,none,NA,1,computer,3575.241026,1.555005631,39
5499647,end,difficult,easier,easier,"نعم، الكلمات المكتوبة كانت اصعب",Arabic,doesn't help,,,no_OI,no,لكي لا اتشتت بالتركيز على املاء تلك الكلمة,it's too much to process,,Arabic,Yes,0,no_headphones,21,m,bachelors,Iraqi,Iraq,Arabic,5,advanced,9,1,mobile,1730.438235,1.346710416,34
5499711,middle,easier,easier,difficult,3,,,,,in_english,yes,It is better,,,English,Yes,0.24,earphones,39,f,secondary,Iraqi,Iraq,Arabic,5,intermediate,5,1,mobile,5187.428947,1.572901834,38
5499774,middle,easier,easier,difficult,"Yes,
How much it helps to learn.",English,helps,learning (broadly),,in_english,yes,That help me to learn quickly ,speed of learning,,English,Yes,0,earphones,22,m,bachelors,Iraqi,Iraq,Arabic,3,intermediate,4,1,mobile,1732.088,0.365788483,25
5500029,start,easier,easier,difficult,far,English,,,,in_arabic,yes,to be familiar with that word,clarifying and consolidating new language,,English,Yes,0.4,headphones,21,m,bachelors,Iraqi,Iraq,Arabic,5,advanced,12,1,mobile,2547.13871,1.065441637,31
5500050,start,easier,difficult,easier,just a little ,English,,,,in_english,yes,to be familiar with that word,clarifying and consolidating new language,,English,Yes,0.52,headphones,21,m,secondary,Iraqi,Iraq,Arabic,5,advanced,9,1,mobile,2443.92,0.897086096,30
5501560,end,difficult,easier,difficult,wide range,English,,,,in_english,yes,to memorize it in better way,memorisation,,English,Yes,0.58,no_headphones,38,m,secondary,Iraqi,Iraq,Arabic,5,intermediate,9,1,mobile,5161.964286,2.038838199,42
5502013,middle,difficult,easier,difficult,seeing the initial letter helped. ,English,helps,remembering (broadly),focus on first letter,in_english,yes,because i can attempt an answer phonetically ,clarifying and consolidating new language,correct production,English,Yes,0.57,headphones,57,f,professional qualification,British,UK,English,0,none,NA,1,tablet,2081.588235,1.154866019,34
5503474,middle,no_diff,easier,difficult,"Yes, it helped me to hear the separation between [m] and [n] or [v] and [f]",English,helps,clarify what I heard,differentiate similar sounds/ words,in_english,yes,It can give an indication of which sound you are lisening for in English - though not always,clarifying and consolidating new language,correct comprehension,English,Yes,0.16,headphones,25,m,masters,British,UK,English,0,none,NA,1,computer,1045.760417,2.563103131,48
5510526,start,no_diff,easier,no_diff,"With the English ones, it made it slightly easier to remember them I think as I sometimes I would match the first syllable with a letter in my memory. ",English,helps,remembering (broadly),focus on first letter,in_english,yes,Actually maybe not the first time you hear them but I find it useful to see new words written down. I think it helps me to help me remember them.,remembering (broadly),,English,Yes,0.05,earphones,34,f,masters,British,UK,English,0,beginner,NA,1,computer,1503.292308,1.769998293,39
5510526,start,no_diff,easier,no_diff,It made no difference whatsoever with the arabic words because I cannot differentiate between them anyway.,English,doesn't help,unfamiliar,,in_english,yes,,,,,Yes,0.05,earphones,34,f,masters,British,UK,English,0,beginner,NA,1,computer,1503.292308,1.769998293,39
5521508,start,no_diff,no_diff,easier,"I preferred learning from sound alone, as English spelling didn't reflect pronunciation. ",English,doesn't help,better to ignore/ focus on sounds,,no_OI,no,Spelling rarely reflects pronunciation in English and in the languages I have learnt. ,spelling doesn't reflect pronunciation,,English,Yes,0.14,headphones,31,f,doctorate,British,France,English,0,none,NA,1,computer,2200.446809,2.450335953,47
5553283,start,easier,easier,difficult,yas,English,,,,in_english,yes,للربط بين الصورة والصوت والكتابة,(about the experiment),,Arabic,Yes,0,no_headphones,42,m,doctorate,Egyptian,Egypt,Arabic,3,intermediate,8,1,computer,2202.95,0.296083727,24
5557001,start,no_diff,easier,no_notice,Seeing English spelling helped to make connections between what I was hearing and what I was seeing,English,helps,connect audio and visual input (broadly),,in_english,yes,It offers a visual cue from the very start that I can use to recall the word later. ,visual association,,English,Yes,0,earphones,27,m,masters,British,UK,English,0,none,NA,1,computer,1358.834043,2.450335953,47
5586643,start,no_diff,easier,easier,"found it easier in understanding spoken word which in turn helped identify object
",English,helps,clarify what I heard,,in_english,yes,"soliifies understanding of hearing the word, like a confirmation 

",clarifying and consolidating new language,correct comprehension,English,Yes,0,earphones,38,f,bachelors,British,UK,English,0,none,NA,1,computer,1489.694444,1.381961325,36
5586843,start,no_diff,no_diff,no_diff,The writing didn't help or hinder in any way - I focused more on hearing them out loud and trying to match the sound to the colours and shapes.,English,doesn't help,better to ignore/ focus on sounds,,no_OI,yes,I think it is probably subconsciously helping - even though I dont think it helps me!,,,English,Yes,0.03,no_headphones,31,f,masters,British,UK,English,0,none,NA,1,computer,1286.845714,1.243334314,35
5587514,start,no_diff,no_diff,no_diff,no,English,doesn't help,,,no_OI,no,so many english words are spelt in different ways that dont always make it easy on first appearance ,spelling doesn't reflect pronunciation,,English,Yes,0,no_headphones,43,f,secondary,British,UK,English,0,none,NA,1,mobile,1204.843333,0.803890974,30
5588274,no_see,no_notice,no_notice,no_notice,i dont remember seeing any written words! feel a bit silly now...,English,doesn't help,better to ignore/ focus on sounds,,in_english,yes,it helps me to understand what the word means ,clarifying and consolidating new language,correct comprehension,English,Yes,0.1,no_headphones,31,f,bachelors,British,UK,English,0,none,NA,1,mobile,1211.166667,2.563103131,48
5592006,start,no_diff,easier,no_diff,"it made a small difference, i was able to distinguish more easily the subtle differences between similar words",English,helps,clarify what I heard,differentiate similar sounds/ words,in_english,yes,spellings provide a second sense to link the memory of the word to (sight as well as sound) and can give you clues as to keaning which can also help memory.,visual association,,English,Yes,0.08,no_headphones,28,f,masters,British,UK,English,0,none,NA,1,mobile,1485.8,2.237425455,44
5595978,middle,difficult,easier,no_diff,The English words I understood so it didn't make too much difference,English,doesn't help,,,no_OI,no,Because I can't correlate the sound I'm hearing to the shape of the lettering in Arabic. It would be different if I had learnt the Arabic alphabet first maybe??,(about the experiment),,English,Yes,0.02,no_headphones,64,f,professional qualification,British,UK,English,0,none,NA,1,computer,2351,1.911311779,42
5595978,middle,difficult,easier,no_diff,"but the Arabic words put with the picture made it so that I felt there was more to take in, so distracted from learning the sound and I was trying to correlate th sound to the shape of the word?!!",English,doesn't help,distracting (from sounds),,no_OI,no,,,,,Yes,0.02,no_headphones,64,f,professional qualification,British,UK,English,0,none,NA,1,computer,2351,1.911311779,42
5602966,start,no_diff,easier,difficult,"It helped consolidate my learning, it acted as another source for me to remember and help me learn the words.",English,helps,connect audio and visual input (broadly),,in_english,yes,"It helps to clarify which letters are used, and helps me to remember what the word is if I have seen it written as well as heard it. Without seeing it written, it can be hard to make sense of the sounds being made if the sounds are new to me. ",clarifying and consolidating new language,correct comprehension,English,Yes,0.03,headphones,30,f,masters,British,UK,English,0,none,NA,1,computer,1351.013333,2.274450536,45
5602966,start,no_diff,easier,difficult,"It also helped clarify sounds which might be similar, e.g. was it an f or v that was said. ",English,helps,clarify what I heard,differentiate similar sounds/ words,in_english,yes,,,,,Yes,0.03,headphones,30,f,masters,British,UK,English,0,none,NA,1,computer,1351.013333,2.274450536,45
5607775,no_see,difficult,no_diff,easier,i don't now ,English,,,,in_english,no,because letters silent ,sound is more important/ beneficial,,English,Yes,0,no_headphones,24,f,secondary,Saudi,Saudi Arabia,Arabic,1,beginner,6,1,mobile,1549.75,0.11170425,24
5615580,start,no_diff,no_diff,difficult,"yes, it made it easier as you can match spelling to sound in some cases",English,helps,connect audio and visual input (broadly),map sounds and letters,in_english,yes,i guess it's so that i can match sounds to letters,clarifying and consolidating new language,decoding sounds and letters,English,Yes,0,earphones,46,f,doctorate,British,UK,English,0,none,NA,1,computer,1527.372973,1.679910122,37
5620967,start,no_diff,easier,difficult,I could read the word out loud to myself ,English,helps,rehearse words,,in_english,no,It can be a distraction,it's too much to process,,English,Yes,0,no_headphones,38,m,masters,British,UK,English,0,none,NA,1,computer,2917.870968,0.994068936,31
5621683,middle,no_diff,no_diff,no_diff,No. I was only listening,English,doesn't help,better to ignore/ focus on sounds,,in_english,no,I can memorize a word and a meaning pretty quickly. The spelling adds another layer of memorization.,it's too much to process,,English,Yes,0.01,earphones,19,f,secondary,American,UK,English,0,none,NA,1,computer,1789.75122,2.064422018,41
5622524,start,difficult,easier,difficult,فرق بنسبة 75% عن الكلمات الغير مكتوبه,Arabic,,,,in_english,yes,كي اعرف الاسم الصحيح والنطق,clarifying and consolidating new language,correct production,Arabic,Yes,0.11,earphones,32,m,masters,Iraqi,Iraq,Arabic,2,intermediate,7,1,computer,2483.114815,0.584743245,27
5627982,middle,no_diff,no_diff,no_diff,no,English,doesn't help,,,no_OI,yes,Helps embed in uour brain,remembering (broadly),,English,Yes,0.76,no_headphones,31,f,bachelors,British,UK,English,0,intermediate,NA,1,mobile,1087.110714,0.457696988,28
5627983,end,no_diff,easier,easier,not really,English,doesn't help,,,in_english,no,its not always a good guide to pronunciation,spelling doesn't reflect pronunciation,,English,Yes,0.61,no_headphones,31,m,masters,British,UK,English,0,none,NA,1,mobile,1946.291892,1.667329012,37
5629029,middle,no_diff,easier,no_notice,"Linked the spelling to the object, eg nasit - to me looked like a nest i could sit on",English,helps,connect audio and visual input (broadly),associate word and image,in_english,no,"concentrating on the picture & the sound, seeing the spelling too is overload",(about the experiment),,English,Yes,0,no_headphones,60,f,bachelors,British,UK,English,0,none,NA,1,computer,2003.686047,2.079530391,43
5637584,middle,no_diff,no_diff,no_diff,no difference,English,doesn't help,,,no_OI,yes,help make a connection,visual association,,English,Yes,0.75,no_headphones,32,f,professional qualification,British,UK,English,0,beginner,NA,1,mobile,2452.782051,1.599801853,39
5642980,start,no_diff,easier,difficult,"Yes, I was able to visualise the word with the object",English,helps,connect audio and visual input (broadly),associate word and image,in_english,yes,I find it easier to remember the word and place it with the object in my memory,(about the experiment),,English,Yes,0,headphones,28,f,doctorate,British,UK,English,0,none,NA,1,computer,2006.714894,2.450335953,47
5649032,no_see,no_diff,easier,no_diff,It helped to see the English versions written out to match sounds of pronunciation with what I was hearing. But without words I focused more on the sounds and being able to differentiate eg similar prefixes.,English,helps,connect audio and visual input (broadly),map sounds and letters,in_english,yes,"Seeing and hearing a word at the same time offers more than one way in to learn the word: to associate the sound of the word with how you conceptualise pronouncing the letters, and/or to associate the sound with the image of the letters (if they can't yet be read and pronounced).",visual association,,English,Yes,0.15,earphones,32,m,doctorate,British,UK,English,0,none,NA,1,computer,1308.995122,1.83433629,41
5655323,middle,no_diff,no_diff,no_diff,no,English,doesn't help,,,no_OI,no,spelling in English can be confusing,spelling doesn't reflect pronunciation,,English,Yes,0.09,no_headphones,40,f,masters,British,Spain,English,0,none,NA,1,mobile,1272.4375,1.948547374,40
5659195,middle,no_diff,easier,no_diff,"yes when work were in English, seeing the spelling made it easier to remember e.g what letter it started with",English,helps,remembering (broadly),focus on first letter,in_english,no,"Because when you first learn a language, as a young child, its mostly done through listening ",previous (language) learning,,English,Yes,0,no_headphones,31,f,bachelors,British,UK,English,0,none,NA,1,mobile,1869.833333,1.381961325,36
5659326,middle,difficult,easier,difficult,"yes, it was easier to learn the similar sounding words when I was able to see the starting letter.",English,helps,clarify what I heard,differentiate similar sounds/ words,in_english,no,In english the spelling doesn't always match up with pronunciation so it could make it difficult.,spelling doesn't reflect pronunciation,,English,Yes,0,no_headphones,36,f,masters,British,Spain,English,0,none,NA,1,computer,2246.128205,1.856643258,39
5663887,start,no_diff,easier,easier,In English it helped because it gave me something else to remember and map the sound onto.,English,helps,connect audio and visual input (broadly),,in_english,yes,"It makes it easier for me to learn, I am a pretty visual learner",learning style,,English,Yes,0.1,no_headphones,44,m,doctorate,American,Australia,English,0,none,NA,1,computer,1442.811628,2.079530391,43
5663887,start,no_diff,easier,easier,"In Arabic, I just ignored it so it made no difference.",English,doesn't help,better to ignore/ focus on sounds,,in_english,yes,,,,,Yes,0.1,no_headphones,44,m,doctorate,American,Australia,English,0,none,NA,1,computer,1442.811628,2.079530391,43
5664502,start,no_notice,easier,no_diff,"For English, being able to distinguish minimal pairs, e.g., m/n and f/v",English,helps,clarify what I heard,differentiate similar sounds/ words,in_english,yes,I prefer to be able to see the spelling - or IPA if the sound-spelling correspondence is not 100% - in order to create a clearer mental representation in my mind,clarifying and consolidating new language,,English,Yes,0.27,earphones,39,f,doctorate,American,USA,English,0,none,NA,1,computer,2282.702564,1.602822336,39
5664502,start,no_notice,easier,no_diff,,,,,,in_english,yes,"and to better distinguish certain sounds from other sounds if there are similar sounds, or words with minimal pairs",clarifying and consolidating new language,correct comprehension,English,Yes,0.27,earphones,39,f,doctorate,American,USA,English,0,none,NA,1,computer,2282.702564,1.602822336,39
5666899,middle,no_notice,no_diff,difficult,Seeing written English helped differentiate the first letter on words that sounded similar ,English,helps,clarify what I heard,differentiate similar sounds/ words,in_english,no,Words can be pronounced differently to how they look,spelling doesn't reflect pronunciation,,English,Yes,0.05,headphones,29,f,masters,British,UK,English,0,none,NA,1,computer,1298.781579,1.787427184,38
5667662,start,no_diff,no_diff,no_diff,No,English,doesn't help,,,in_english,yes,So that you can begin learning how to recognise how certain letters are pronounced,clarifying and consolidating new language,decoding sounds and letters,English,Yes,0.08,no_headphones,30,m,masters,British,UK,English,0,none,NA,1,computer,1656.113953,2.082203686,43
5670727,start,no_diff,no_diff,no_diff,"no, i found myself listening to the pronunciation and relating the sounds to the pictures rather than looking at the spellings",English,doesn't help,better to ignore/ focus on sounds,,no_OI,yes,it helps to register how i should pronounce the word correctly. If i always only listened to a person pronouncing it i may not say it right because the person speaking could have an accent and not clearly pronounce each sound that should be made when speaking clearly. Therefore without any spelling it would make me feel insecure about my speaking abilities and be worried my fluency would be affected by anothers mispronuncuation or natural talking habits.,clarifying and consolidating new language,correct production,English,Yes,0.07,no_headphones,19,f,professional qualification,British,UK,English,0,none,NA,1,computer,1456.485714,1.499563279,35
5671003,start,no_diff,no_diff,difficult,I wasn't really paying attention to the written words at first so I thought it made no difference,English,doesn't help,better to ignore/ focus on sounds,,in_english,yes,I am more of a visual learned than an aural learner,learning style,,English,Yes,0.6,no_headphones,27,f,masters,American,USA,English,0,none,NA,1,computer,1375.092105,1.720052027,38
5671003,start,no_diff,no_diff,difficult,"but on some level I must have been paying attention because when they were no longer included, it became a little more difficult to hear what letters were being said.",English,helps,clarify what I heard,,in_english,yes,and it is helpful to see the sound matched up with letters,clarifying and consolidating new language,decoding sounds and letters,English,Yes,0.6,no_headphones,27,f,masters,American,USA,English,0,none,NA,1,computer,1375.092105,1.720052027,38
5672324,start,difficult,easier,difficult,Yes - it helped me get a picture of the word in my head to remember,English,helps,connect audio and visual input (broadly),visualise words,in_english,yes,Helps me to see the word and visualise it ,visualisation,,English,Yes,0,earphones,26,m,masters,British,UK,English,0,none,NA,1,computer,1821.868085,2.450335953,47
5674519,no_see,no_notice,easier,difficult,yes,English,,,,in_english,yes,"helps visualise the word
",visualisation,,English,Yes,0,no_headphones,33,f,professional qualification,British,UK,English,0,none,NA,1,computer,1966.714286,1.642741981,35
5676564,start,difficult,easier,difficult,Yes I was able to see be sure of whether the speaker said m/n or v/f as they can sound quite similar.,English,helps,clarify what I heard,differentiate similar sounds/ words,in_english,yes,to match the letters to the sounds ,clarifying and consolidating new language,decoding sounds and letters,English,Yes,0.1,no_headphones,26,f,masters,British,UK,English,0,none,NA,1,mobile,1432.513514,1.591765399,37
5676564,start,difficult,easier,difficult,i was also able to remember the spelling and repeat. hearing the word aloud from myself helped me,English,helps,rehearse words,,in_english,yes,,,,,Yes,0.1,no_headphones,26,f,masters,British,UK,English,0,none,NA,1,mobile,1432.513514,1.591765399,37
5690497,middle,no_diff,easier,difficult,Yes it is easier for me to remember words if I see them written.,English,helps,remembering (broadly),,in_english,yes,I guess maybe I learn visually better than hearing the words. ,learning style,,English,Yes,0,headphones,38,f,doctorate,Australian,France,English,0,none,NA,1,computer,1964.697727,2.147434401,44
5690497,middle,no_diff,easier,difficult,,,,,,in_english,yes,I find it difficult to distinguish between sounds. Pronunciation is always the most difficult part of learning a language for me,clarifying and consolidating new language,correct production,English,Yes,0,headphones,38,f,doctorate,Australian,France,English,0,none,NA,1,computer,1964.697727,2.147434401,44
5690497,middle,no_diff,easier,difficult,,,,,,in_english,yes,and similarly hearing the difference between sounds that perhaps there is no difference in english is very difficult for me.,clarifying and consolidating new language,correct comprehension,English,Yes,0,headphones,38,f,doctorate,Australian,France,English,0,none,NA,1,computer,1964.697727,2.147434401,44
5691858,start,difficult,easier,easier,Yes. It was easier to remember the object described.,English,helps,remembering (broadly),,in_english,yes,To be able to say the words correctly ,clarifying and consolidating new language,correct production,English,Yes,0.49,no_headphones,31,m,professional qualification,British,UK,English,0,none,NA,1,computer,1773.733333,0.901107631,30
5691858,start,difficult,easier,easier,,,,,,in_english,yes,and visualise the word,visualisation,,English,Yes,0.49,no_headphones,31,m,professional qualification,British,UK,English,0,none,NA,1,computer,1773.733333,0.901107631,30
5692078,middle,difficult,easier,no_diff,Helpful when in English,English,helps,,,in_english,yes,Visual reminder,visual association,,English,Yes,0.11,no_headphones,59,m,bachelors,British,UK,English,0,none,NA,1,computer,1648.47619,2.066614387,42
5692100,start,no_diff,easier,difficult,Yes. I had more to associate the sound with the picture,English,helps,connect audio and visual input (broadly),associate word and image,in_english,yes,It helps my memory,remembering (broadly),,English,Yes,0.26,no_headphones,57,f,masters,British,UK,English,0,none,NA,1,computer,1903.7,0.78061592,30
5696781,start,no_diff,easier,no_diff,I don't think so,English,doesn't help,,,in_english,yes,I think I sometimes linked the shape of a prominent letter with the object. For example the 'vadit' was like an upside down V.,(about the experiment),,English,Yes,0.4,earphones,46,m,bachelors,British,UK,English,0,none,NA,1,computer,1277.295455,2.115695691,44
5704997,start,difficult,easier,difficult,"Yes, i feel it triggered my memory ",English,helps,remembering (broadly),,in_english,yes,It helps me to remember the word,remembering (broadly),,English,Yes,0.07,earphones,18,f,secondary,British,UK,English,0,none,NA,1,computer,2021.558537,1.83713999,41
5706490,middle,no_diff,easier,easier,"yes. accentuates the difference between f / v sounds, m / n sounds",English,helps,clarify what I heard,differentiate similar sounds/ words,in_english,no,i feel the structure of the word is more important. number of syllables and the vowels that were used.,sound is more important/ beneficial,,English,Yes,0,earphones,30,m,masters,British,UK,English,0,none,NA,1,mobile,1676.375556,2.209765973,45
5706491,middle,no_diff,easier,easier,In English it helped because I could begin to match them together when I saw them repeatedly over time. ,English,helps,connect audio and visual input (broadly),,no_OI,no,"When learning a new word, just hearing it rather than hearing it and seeing it requires more effort to retain therefore I think you'd be able to remember it more easily as more effort has gone into remembering it. ",sound is more important/ beneficial,,English,Yes,0,no_headphones,19,m,secondary,British,UK,English,0,none,NA,1,computer,1531.517778,2.243417131,45
5719579,middle,no_diff,easier,difficult,It confirmed what I thought I was hearing,English,helps,clarify what I heard,,in_english,yes,"That way you know for sure what the sounds are that make up the word, and that there isn't any pronunciation variation",clarifying and consolidating new language,correct comprehension,English,Yes,0,no_headphones,20,f,bachelors,American,UK,English,0,none,NA,1,computer,1279.1475,1.922327348,40
5730442,start,no_diff,easier,no_diff,لا يوجد فرق كبير,Arabic,doesn't help,,,in_english,yes,لأستطيع تمييزها عن الكلمات المتشابهة لأن الاستماع للغة الانكليزية غير واضح,clarifying and consolidating new language,correct comprehension,Arabic,Yes,0,earphones,22,f,bachelors,Kuwaiti,Kuwait,Arabic,3,intermediate,11,1,mobile,1364.697727,2.081279734,44
5732647,middle,no_diff,easier,difficult,Helped visual memory linked to the image,English,helps,connect audio and visual input (broadly),associate word and image,in_english,yes,"This clarifies any misconception with sounds, especially when the words are similar",clarifying and consolidating new language,correct comprehension,English,Yes,0,earphones,65,f,professional qualification,British,UK,English,0,none,NA,1,computer,1451.621622,1.654670951,37
5750023,end,no_diff,no_diff,no_diff,I'm not 100% sure. I don't think it made much of a difference though,English,doesn't help,,,in_arabic,no,"Spelling doesn't always help with pronunciation, sometimes it's easier to listen and repeat without thinking about how to spell it",spelling doesn't reflect pronunciation,,English,Yes,0,earphones,33,m,doctorate,British,Austria,English,0,none,NA,1,computer,1469.471053,1.68625206,38
5750994,start,no_diff,easier,difficult,Provided context to the pronunciation and provided more objective concepts in my head of what the thing was than audio alone,English,helps,clarify what I heard,,in_english,yes,To build the concept of things in my brain,clarifying and consolidating new language,,English,Yes,0.04,no_headphones,29,n,masters,Canadian,Canada,English,0,none,NA,1,computer,1348.875,1.756385819,40
5751031,start,no_diff,no_diff,easier,"Because there weren't consistently written words in a language I read, I decided early on not to focus on spelling/written language, only on the auditory.",English,doesn't help,better to ignore/ focus on sounds,,no_OI,no,"For me, I find oral fluency much easier to reach than written.  I prefer to learn languages by speaking and hearing them, not writing (which I have done as well, with dead languages).",previous (language) learning,,English,Yes,0.41,no_headphones,36,f,bachelors,American,USA,English,0,none,NA,1,computer,1626.955556,2.274450536,45
5755297,start,difficult,easier,difficult,"Yes, I am a visual learner, so being able to connect the English spelling of the words with the images helped me differentiate the images with similar sounds",English,helps,clarify what I heard,differentiate similar sounds/ words,in_english,yes,"As mentioned, I am a more visual learner than auditory learner. ",learning style,,English,Yes,0.2,earphones,19,f,professional qualification,Malaysian,UK,English,0,none,NA,1,computer,1952.676667,0.679662446,30
5755297,start,difficult,easier,difficult,,,,,,in_english,yes,Being able to associate the words with the images helped a lot more,(about the experiment),,English,Yes,0.2,earphones,19,f,professional qualification,Malaysian,UK,English,0,none,NA,1,computer,1952.676667,0.679662446,30
5755298,middle,no_diff,easier,no_diff,"It didn't make too much of a difference since I could typically hear the difference between similar sounds (f/v), although seeing the English written did clarify the endings of the word for me.",English,helps,clarify what I heard,,no_OI,no,"I don't think it's important that it's shown the *first* time, but it should be shown eventually and the different sounds should be broken down step-by-step (at least for beginners of the language)",sound is more important/ beneficial,,English,Yes,0.05,headphones,21,n,secondary,American,USA,English,0,none,NA,1,computer,1538.678947,1.585151862,38
5755298,middle,no_diff,easier,no_diff,I didn't pay much attention to the Arabic written words and seeing no words was fine.,English,doesn't help,better to ignore/ focus on sounds,,no_OI,no,,,,,Yes,0.05,headphones,21,n,secondary,American,USA,English,0,none,NA,1,computer,1538.678947,1.585151862,38
5755299,start,no_diff,no_diff,no_diff,not particularly. i memorized thd phonetic content eithout paying too much attention to orthography,English,doesn't help,better to ignore/ focus on sounds,,in_english,yes,"hints about etymology, pluralization/declendion and pronunciation",visual association,,English,Yes,0,earphones,22,m,bachelors,American,USA,English,0,none,NA,1,mobile,2670.311111,2.209765973,45
5755300,start,no_diff,no_notice,no_diff,"When I noticed the words written in English, it didn't help as much as I expected; I mainly went through associating the sounds with the image",English,doesn't help,better to ignore/ focus on sounds,,in_english,yes,Because it helps for a learner to recognise patterns within the spelling system and how they interact with the sounds,clarifying and consolidating new language,decoding sounds and letters,English,Yes,0.04,headphones,19,m,professional qualification,British,UK,English,0,none,NA,1,computer,1445.145833,2.563103131,48
5755301,start,no_diff,easier,no_diff,"the writing helped to clarify which initial sound the word had (v or f, m or n, etc)",English,helps,clarify what I heard,differentiate similar sounds/ words,in_english,yes,"in a natural learning environment, there could be sound distractions which make it harder to hear the correcr pronunciation of the word. Seeing the spelling would help the listener clearly hear the pronunciation ",clarifying and consolidating new language,correct comprehension,English,Yes,0.18,earphones,18,n,secondary,American,UK,English,0,none,NA,1,mobile,1375.312766,2.450335953,47
5756084,start,easier,easier,no_diff,It was easier to identify the sound I heard was correct,English,helps,clarify what I heard,,in_arabic,yes,Spelling gives an anchor to schematize the sounds you hear,clarifying and consolidating new language,correct comprehension,English,Yes,0,earphones,50,m,masters,American,USA,English,0,none,NA,1,computer,2168.589744,1.629641665,39
5756085,middle,no_diff,easier,no_diff,English transliterations helped bond sound and sense,English,helps,connect audio and visual input (broadly),associate word and image,in_english,yes,"I am a text-based learner, I believe",learning style,,English,Yes,0.07,headphones,56,m,masters,American,USA,English,0,none,NA,1,computer,1666.845714,1.466313202,35
5758767,start,difficult,easier,no_diff,easier when they were written in English - I think it was easier to remember the first letter,English,helps,remembering (broadly),focus on first letter,in_english,no,"I'm not sure it makes a difference the first time because the matching exercise is quite easy, but it's helpful if you're trying to cement it to learn it for the future",(about the experiment),,English,Yes,0.2,no_headphones,29,f,masters,British,UK,English,0,none,NA,1,computer,1637.852174,2.395944231,46
5759398,start,no_diff,easier,difficult,easier to distinguish start letter,English,helps,remembering (broadly),focus on first letter,in_english,yes,to correct hearing errors,clarifying and consolidating new language,correct comprehension,English,Yes,0.02,no_headphones,34,f,bachelors,British,UK,English,0,none,NA,1,computer,1664.555319,2.450335953,47
5759735,start,no_diff,easier,difficult,"yes, it helped with pronouncing
",English,helps,,,in_english,no,hearing is most helpful first.,sound is more important/ beneficial,,English,Yes,0,no_headphones,52,f,bachelors,British,UK,English,0,none,NA,1,mobile,1471.911765,1.12401893,34
5759735,start,no_diff,easier,difficult,,,,,,in_english,no,"written and hering the word is more to process
",it's too much to process,,English,Yes,0,no_headphones,52,f,bachelors,British,UK,English,0,none,NA,1,mobile,1471.911765,1.12401893,34
5762777,start,no_diff,easier,difficult,it was easier to differentiate the consonant sounds after seeing the spelling in english,English,helps,clarify what I heard,differentiate similar sounds/ words,in_english,yes,better to know which consonant is being spoken right away to remember it correctly ,clarifying and consolidating new language,correct comprehension,English,Yes,0.16,no_headphones,38,n,bachelors,American,USA,English,0,none,NA,1,mobile,1331.534884,2.014510538,43
5765135,start,no_diff,easier,difficult,"it helped put some letters to a sound, this made it easier because it was remembering more distinct qualities related to the sound that was played",English,helps,connect audio and visual input (broadly),map sounds and letters,in_english,yes,because it can be important to get an idea of what the letters sound like which for me at least makes it a lot easier to remember them especially if they only have one letter difference,clarifying and consolidating new language,decoding sounds and letters,English,Yes,0.06,earphones,19,f,secondary,British,UK,English,0,none,NA,1,computer,2033.851111,2.243417131,45
5765136,start,no_diff,easier,no_diff,The words accompanied by the English spelling were easier to remember because it was a familiar way of learning new words in general. I find it easier to remember words by their spelling rather than by an image.,English,helps,remembering (broadly),,in_english,yes,It makes learning to read in the language much easier.,clarifying and consolidating new language,decoding sounds and letters,English,Yes,0,earphones,20,m,secondary,Swiss,UK,English,0,none,NA,1,computer,1603.023256,2.079530391,43
5765136,start,no_diff,easier,no_diff,"The Arabic spelling didn't make any difference because I do not know how to read it, the only thing I did was trying to see a similarity between the shape of the words and the sound of them.",English,doesn't help,unfamiliar,,in_english,yes,,,,,Yes,0,earphones,20,m,secondary,Swiss,UK,English,0,none,NA,1,computer,1603.023256,2.079530391,43
5780967,no_see,no_diff,easier,difficult,easier to  recall,English,helps,remembering (broadly),,in_english,yes,"helps me map the word betterinmy vocab

im a speech therapist if you want to know more
about what i mean by that",visual association,,English,Yes,0.24,no_headphones,30,f,bachelors,British,UK,English,0,none,NA,1,mobile,1629.186486,1.547654562,37
5831108,no_see,no_notice,easier,difficult,was able to picture which picture i was thinking with the spelling when doing the test,English,helps,connect audio and visual input (broadly),associate word and image,in_english,yes,helps you be able to pronounce it and realise what word you are saying ,clarifying and consolidating new language,correct production,English,Yes,0.09,earphones,23,f,secondary,British,UK,English,0,none,NA,1,computer,3890.72973,1.74918318,37
5884960,start,no_diff,easier,no_diff,no,English,doesn't help,,,in_english,no,na,,,English,Yes,0.66,earphones,18,f,secondary,American,UK,English,0,none,NA,1,mobile,1546.463415,1.871270488,41
5909329,middle,no_diff,easier,difficult,reinforces the sound of the word,English,helps,clarify what I heard,,in_english,yes,additional aid to memory,visual association,,English,Yes,0.16,headphones,63,m,bachelors,British,UK,English,0,none,NA,1,computer,2912.172414,0.917963204,29
5909763,start,no_diff,easier,difficult,Yes - helpful to gain a sense of pronunciation and structure,English,helps,clarify what I heard,,in_english,yes,It is helpful for people who are more visual learners. ,learning style,,English,Yes,0.5,headphones,35,f,bachelors,British,UK,English,0,none,NA,1,computer,2452.909677,0.858739771,31
5909763,start,no_diff,easier,difficult,,,,,,in_english,yes,"Also helpful when the language being learnt has a different alphabet, so trying to learn phoentically is important",clarifying and consolidating new language,decoding sounds and letters,English,Yes,0.5,headphones,35,f,bachelors,British,UK,English,0,none,NA,1,computer,2452.909677,0.858739771,31
5914367,middle,no_diff,no_diff,easier,No,English,doesn't help,,,in_english,no,Easier to concentrate on one aspect of the word first. ie just hearing it or just seeing it,it's too much to process,,English,Yes,0.02,no_headphones,33,m,professional qualification,British,UK,English,0,none,NA,1,computer,1766.331429,1.426413109,35
5998960,start,no_diff,easier,no_diff,English text helped with visualising the word,English,helps,connect audio and visual input (broadly),visualise words,in_english,yes,"If you have a visual indicator of the word (via its spelling), you can remember it more easily. You can make stronger connections between the word, its spelling and the concept it represents.",visual association,,English,Yes,0,headphones,29,m,doctorate,British,Germany,English,0,none,NA,1,computer,1374.809091,1.163348325,33
6029761,start,no_diff,no_notice,no_notice,Maybe helped for remembering the first letter of each word,English,helps,remembering (broadly),focus on first letter,in_english,yes,"If you are a very visual learner,",learning style,,English,Yes,0.12,no_headphones,25,f,bachelors,British,UK,English,0,none,NA,1,computer,2048.65,1.51461846,36
6029761,start,no_diff,no_notice,no_notice,,,,,,in_english,yes,you can picture the word spelling when you say it,visual association,,English,Yes,0.12,no_headphones,25,f,bachelors,British,UK,English,0,none,NA,1,computer,2048.65,1.51461846,36
