ID,understood consent,voluntary consent,publication consent,data storage consent,mainconsent-1,vision/hearing,cognitive/dyslexia,prop_distraction,headphones,Participant Device Type,Participant Device,Participant OS,Participant Browser,Participant Viewport Size,same_day,age,gender,nationality,location,abroad,education,L1,dialect,dialect_additions,age of onset,length of study,abroad_stay,length of stay,English qualification,English qual_additions,L3,L3_additions,listeningprofscore,readingprofscore,writingprofscore,speakingprofscore,sum_prof,mean_prof,level,prof_test_score,mean_test,Englishhours_listen,Arabichours_listen,Otherhours_listen,Englishhours_read,Arabichours_read,Otherhours_read,Englishhours_interact,Arabichours_interact,Otherhours_interact,prop_English_hours,prop_English_lit_hours,prop_Arabic_hours,prop_arabic_lit_hours
5027570,Yes,Yes,Yes,Yes,Yes,Yes,Yes,0.04,earphones,computer,Desktop or Laptop,Windows,Chrome,1536x714,1,18,f,Saudi,Saudi Arabia,no,bachelors,Arabic,Saudi,Hijazi,5,15,no,none,Secondary school,,none,,5,5,5,5,20,5,advanced,9,0.75,10,6,1,8,11,1,5,9,0,0.45,0.16,0.509803922,0.215686275
5155297,Yes,Yes,Yes,Yes,Yes,Yes,Yes,0,headphones,computer,Desktop or Laptop,Windows,Chrome,1536x754,1,34,m,Saudi,UK,yes,bachelors,Arabic,Saudi,Najdi Northern,12,12,yes,< 6 months,none,,Japanese,,3,1,2,3,9,2.25,intermediate,8,0.67,5,15,2,2,6,0,4,12,0,0.24,0.04,0.717391304,0.130434783
5336140,Yes,Yes,Yes,Yes,Yes,Yes,Yes,0.28,earphones,computer,Desktop or Laptop,Mac OS,Safari,1080x704,1,28,f,Saudi,Saudi Arabia,no,masters,Arabic,Saudi,,10,18,no,none,Postgraduate Degree,MA Applied Linguistics,Korean,"Japanese, French (Korean media) - low ability in all additional langauges",5,5,5,4,19,4.75,advanced,9,0.75,4,9,3,6,7,0,4,9,0,0.33,0.14,0.595238095,0.166666667
5622524,Yes,Yes,Yes,Yes,Yes,Yes,Yes,0.11,earphones,computer,Desktop or Laptop,Windows,Chrome,1280x577,1,32,m,Iraqi,Iraq,no,masters,Arabic,Iraqi,,12,6,no,none,none,,none,,4,2,2,3,11,2.75,intermediate,7,0.58,1,6,0,0,4,0,0,9,0,0.05,0,0.95,0.2
5730442,Yes,Yes,Yes,Yes,Yes,Yes,Yes,0,earphones,mobile,Huawei ALP-L29,Android,Chrome,753x340,1,22,f,Kuwaiti,Kuwait,no,bachelors,Arabic,Kuwaiti,,6,14,no,none,none,,none,,2,3,2,1,8,2,intermediate,11,0.92,2,15,1,2,13,0,0,14,0,0.09,0.04,0.893617021,0.276595745
5607775,Yes,Yes,Yes,Yes,Yes,Yes,Yes,0,no_headphones,mobile,Apple iPhone,iOS,Mobile Safari,800x370,1,24,f,Saudi,Saudi Arabia,no,secondary,Arabic,Saudi,Najdi Southern,12,7,no,none,none,,none,,1,1,0,0,2,0.5,beginner,6,0.5,2,22,3,1,18,1,0,18,0,0.05,0.02,0.892307692,0.276923077
5359752,Yes,Yes,Yes,Yes,Yes,Yes,Yes,0.06,earphones,mobile,Apple iPhone,iOS,Mobile Safari,667x325,1,36,f,Saudi,Saudi Arabia,no,doctorate,Arabic,Saudi,,12,12,no,none,none,,none,,2,2,1,1,6,1.5,beginner,6,0.5,1,12,0,2,12,0,2,12,0,0.12,0.05,0.87804878,0.292682927
5089629,Yes,Yes,Yes,Yes,Yes,Yes,Yes,0.72,earphones,mobile,LG M320,Android,Chrome,597x280,1,39,m,Algerian,Algeria ,no,doctorate,Arabic,Algerian,,12,18,no,none,Postgraduate Degree,PhD,French,,4,4,3,3,14,3.5,advanced,12,1,6,13,1,6,2,1,1,13,0,0.3,0.14,0.651162791,0.046511628
5439128,Yes,Yes,Yes,Yes,Yes,Yes,Yes,0,headphones,computer,Desktop or Laptop,Windows,Chrome,1536x722,1,49,m,Saudi,Saudi Arabia,no,doctorate,Arabic,Saudi,,42,1,no,none,none,,none,,3,3,1,3,10,2.5,intermediate,8,0.67,3,7,0,2,3,0,0,12,0,0.19,0.07,0.814814815,0.111111111
5059373,Yes,Yes,Yes,Yes,Yes,Yes,Yes,0.08,no_headphones,computer,Desktop or Laptop,Mac OS,Chrome,1278x522,1,24,f,Algerian,Algeria ,no,masters,Arabic,Algerian,,11,12,no,none,Undergraduate Degree,BA,none,,4,4,3,4,15,3.75,advanced,12,1,5,11,1,6,4,0,3,10,0,0.35,0.15,0.625,0.1
5029587,Yes,Yes,Yes,Yes,Yes,Yes,Yes,0,no_headphones,tablet,Apple iPad,iOS,Chrome,1024x653,1,35,f,Saudi,UK,yes,masters,Arabic,Saudi,Najdi,12,10,yes,> 1 year,Postgraduate Degree,MA,none,,5,5,4,4,18,4.5,advanced,11,0.92,5,5,0,5,3,0,3,1,0,0.59,0.22,0.409090909,0.136363636
5037046,Yes,Yes,Yes,Yes,Yes,Yes,Yes,0.73,no_headphones,mobile,Huawei ALP-L29,Android,Chrome,640x280,1,27,m,Algerian,Algeria ,no,masters,Arabic,Algerian,,13,7,no,none,Postgraduate Degree,MA,French,,5,5,5,5,20,5,nearnative,12,1,6,9,0,4,6,0,2,6,0,0.36,0.12,0.636363636,0.181818182
5499551,Yes,Yes,Yes,Yes,Yes,No,Yes,0.59,earphones,mobile,undefined 5030E,Android,Chrome,684x276,1,25,m,Iraqi,Iraq,no,secondary,Arabic,Iraqi,,18,2,no,none,none,,none,,3,4,2,3,12,3,beginner,5,0.42,5,16,0,4,16,0,6,19,0,0.23,0.06,0.772727273,0.242424242
5557028,Yes,Yes,Yes,Yes,Yes,Yes,Yes,0,no_headphones,mobile,Samsung SM-J730F,Android,Samsung Browser,640x202,1,14,f,Saudi,Saudi Arabia,no,secondary,Arabic,Saudi,,5,9,no,none,none,,none,,4,5,3,3,15,3.75,beginner,11,0.92,4,12,0,4,5,0,4,10,0,0.31,0.1,0.692307692,0.128205128
5553283,Yes,Yes,Yes,Yes,Yes,Yes,Yes,0,no_headphones,computer,Desktop or Laptop,Windows,Chrome,1358x617,1,42,m,Egyptian,Egypt,no,doctorate,Arabic,Egyptian,,8,9,no,none,TOEFL,,none,,4,3,2,2,11,2.75,intermediate,8,0.67,3,19,3,3,19,3,3,19,3,0.12,0.04,0.76,0.253333333
5015277,Yes,Yes,Yes,Yes,Yes,Yes,Yes,0.74,no_headphones,mobile,undefined RMX3231,Android,Chrome,720x272,1,28,f,Algerian,Algeria ,no,masters,Arabic,Algerian,,11,12,no,none,Postgraduate Degree,MA,French,,2,3,1,3,9,2.25,intermediate,9,0.75,4,6,2,8,8,0,1,13,6,0.27,0.17,0.5625,0.166666667
5462535,Yes,Yes,Yes,Yes,Yes,Yes,Yes,0.77,headphones,computer,Desktop or Laptop,Windows,Chrome,1366x657,1,28,m,Saudi,Saudi Arabia,no,bachelors,Arabic,Saudi,,19,2,yes,> 5 years,none,,none,,4,5,4,4,17,4.25,advanced,11,0.92,8,10,1,11,5,0,9,11,0,0.51,0.2,0.472727273,0.090909091
5499711,Yes,Yes,Yes,Yes,Yes,Yes,Yes,0.24,earphones,mobile,undefined JAT-L41,Android,Chrome,712x277,1,39,f,Iraqi,Iraq,no,secondary,Arabic,Iraqi,,21,2,no,none,,,none,,5,5,2,1,13,3.25,intermediate,5,0.42,1,11,0,10,9,0,2,10,0,0.3,0.23,0.697674419,0.209302326
5365353,Yes,Yes,Yes,Yes,Yes,Yes,Yes,0,no_headphones,mobile,Apple iPhone,iOS,Mobile Safari,750x307,1,36,f,Saudi,Saudi Arabia,no,bachelors,Arabic,Saudi,Najdi Central,2,10,yes,> 6 months,Undergraduate Degree,BA,none,,5,5,3,4,17,4.25,advanced,10,0.83,8,15,1,3,4,0,3,8,0,0.33,0.07,0.642857143,0.095238095
5501560,Yes,Yes,Yes,Yes,Yes,Yes,Yes,0.58,no_headphones,mobile,Samsung SM-A705FN,Android,Chrome,838x332,1,38,m,Iraqi,Iraq,no,secondary,Arabic,Iraqi,Northern Mesopotamian,30,8,no,none,none,,none,,4,5,5,4,18,4.5,intermediate,9,0.75,8,14,0,4,1,0,8,7,1,0.47,0.09,0.511627907,0.023255814
5500029,Yes,Yes,Yes,Yes,Yes,Yes,Yes,0.4,headphones,mobile,Samsung SM-A705FN,Android,Samsung Browser,838x364,1,21,m,Iraqi,Iraq,no,bachelors,Arabic,Iraqi,,5,15,no,none,none,,none,,3,5,4,4,16,4,advanced,12,1,3,13,0,4,7,0,5,16,0,0.25,0.08,0.75,0.145833333
5500050,Yes,Yes,Yes,Yes,Yes,Yes,Yes,0.52,headphones,mobile,Samsung SM-A705FN,Android,Chrome,838x332,1,21,m,Iraqi,Iraq,no,secondary,Arabic,Iraqi,,5,15,no,none,none,,none,,3,5,4,4,16,4,advanced,9,0.75,9,19,0,7,10,0,2,14,0,0.3,0.11,0.704918033,0.163934426
5499774,Yes,Yes,Yes,Yes,Yes,Yes,Yes,0,earphones,mobile,Huawei STK-L21,Android,Chrome,742x280,1,22,m,Iraqi,Iraq,no,bachelors,Arabic,Iraqi,Hebrew dialect,16,7,no,none,none,,none,,4,3,3,2,12,3,intermediate,4,0.33,3,13,0,4,7,0,1,13,0,0.2,0.1,0.804878049,0.170731707
5499553,Yes,Yes,Yes,Yes,Yes,Yes,Yes,0.75,earphones,mobile,Samsung SM-A315F,Android,Chrome,837x332,0,30,m,Iraqi,Iraq,no,bachelors,Arabic,Iraqi,,16,10,no,none,none,,none,,2,4,2,3,11,2.75,intermediate,9,0.75,5,17,1,7,17,1,4,14,0,0.24,0.11,0.727272727,0.257575758
5499733,Yes,Yes,Yes,Yes,Yes,No,Yes,0.38,no_headphones,mobile,Huawei ANE-LX1,Android,Chrome,687x274,1,32,m,Iraqi,Iraq,no,secondary,Arabic,Iraqi,,1,31,no,none,none,,none,,1,3,4,2,10,2.5,intermediate,6,0.5,4,13,0,6,5,0,1,8,0,0.3,0.16,0.702702703,0.135135135
5499647,Yes,Yes,Yes,Yes,Yes,Yes,Yes,0,no_headphones,mobile,Samsung SM-A530F,Android,Chrome,740x280,1,21,m,Iraqi,Iraq,no,bachelors,Arabic,Iraqi,,17,4,no,none,none,,none,,5,5,4,2,16,4,advanced,9,0.75,12,8,0,12,7,0,3,12,0,0.5,0.22,0.5,0.12962963
5450539,Yes,Yes,Yes,Yes,Yes,Yes,Yes,0,no_headphones,computer,Desktop or Laptop,Mac OS,Safari,1440x760,1,22,m,Saudi,Saudi Arabia,no,bachelors,Arabic,Saudi,,12,6,no,none,none,,none,,3,2,1,1,7,1.75,beginner,5,0.42,3,18,0,1,15,0,0,14,0,0.08,0.02,0.921568627,0.294117647
5452186,Yes,Yes,Yes,Yes,Yes,Yes,Yes,0,earphones,computer,Desktop or Laptop,Mac OS,Chrome,1372x705,1,50,m,Saudi,UAE,yes,doctorate,Arabic,Saudi,Gulf,6,13,yes,> 5 years,Postgraduate Degree,PhD,none,,5,5,5,5,20,5,nearnative,12,1,12,4,0,8,1,0,6,2,0,0.79,0.24,0.212121212,0.03030303
5442543,Yes,Yes,Yes,Yes,Yes,Yes,Yes,0,no_headphones,mobile,Apple iPhone,iOS,Mobile Safari,736x414,1,27,f,Saudi,Saudi Arabia,no,masters,Arabic,Saudi,Najdi,11,9,no,none,IELTS,,none,,5,5,3,2,15,3.75,advanced,12,1,12,13,0,10,14,0,4,12,0,0.4,0.15,0.6,0.215384615
5378097,Yes,Yes,Yes,Yes,Yes,Yes,Yes,0,no_headphones,computer,Desktop or Laptop,Windows,Edge,1093x526,1,40,m,Syrian,Saudi Arabia,yes,doctorate,Arabic,Syrian,Saudi,15,1,no,none,none,,none,,0,1,1,0,2,0.5,none,7,0.58,1,8,0,0,5,0,0,10,0,0.04,0,0.958333333,0.208333333
5384016,Yes,Yes,Yes,Yes,Yes,Yes,Yes,0,no_headphones,mobile,Apple iPhone,iOS,Mobile Safari,750x307,1,21,f,Saudi,Saudi Arabia,no,bachelors,Arabic,Saudi,Najdi,12,8,no,none,none,,Turkish,,3,5,4,4,16,4,intermediate,7,0.58,3,15,3,2,9,1,3,15,0,0.16,0.04,0.764705882,0.176470588
5341799,Yes,Yes,Yes,Yes,Yes,Yes,Yes,0.61,no_headphones,computer,Desktop or Laptop,Windows,Chrome,1504x860,1,39,m,Saudi,UK,yes,doctorate,Arabic,Saudi,Hijazi,11,,yes,> 1 year,IELTS,6.5,none,,3,5,4,4,16,4,advanced,11,0.92,6,8,0,6,2,0,11,3,0,0.64,0.16,0.361111111,0.055555556
5370467,Yes,Yes,Yes,Yes,Yes,Yes,Yes,0.17,no_headphones,computer,Desktop or Laptop,Windows,Chrome,1366x600,1,34,f,Saudi,Saudi Arabia,no,masters,Arabic,Saudi,Najdi Southern,10,10,no,none,none,,none,,2,3,0,1,6,1.5,beginner,4,0.33,1,22,0,0,12,0,0,16,0,0.02,0,0.980392157,0.235294118
5338565,Yes,Yes,Yes,Yes,Yes,Yes,Yes,0,no_headphones,mobile,Apple iPhone,iOS,Chrome,800x358,1,29,f,Saudi,UK,yes,bachelors,Arabic,Saudi,,27,,yes,> 1 year,none,,none,,3,3,2,2,10,2.5,intermediate,9,0.75,4,12,0,3,9,0,3,11,0,0.24,0.07,0.761904762,0.214285714
5369858,Yes,Yes,Yes,Yes,Yes,Yes,Yes,0.02,earphones,computer,Desktop or Laptop,Windows,Chrome,1920x929,1,43,m,Saudi,Saudi Arabia,no,bachelors,Arabic,Saudi,,20,5,no,none,Undergraduate Degree,BA,none,,3,3,1,3,10,2.5,advanced,10,0.83,1,13,0,1,1,0,0,12,0,0.07,0.04,0.928571429,0.035714286
5370516,Yes,Yes,Yes,Yes,Yes,Yes,Yes,0,headphones,computer,Desktop or Laptop,Windows,Chrome,1366x625,1,32,m,Saudi,USA,yes,doctorate,Arabic,Saudi,Gulf,13,19,yes,> 5 years,Postgraduate Degree,PhD,none,,5,5,5,3,18,4.5,advanced,12,1,12,10,0,4,1,0,6,6,0,0.56,0.1,0.435897436,0.025641026
5359087,Yes,Yes,Yes,Yes,Yes,Yes,Yes,0.2,no_headphones,computer,Desktop or Laptop,Windows,Chrome,1366x657,1,26,f,Saudi,Saudi Arabia,no,masters,Arabic,Saudi,Najdi,10,12,no,none,none,,none,,3,2,1,3,9,2.25,intermediate,10,0.83,0,14,0,0,14,0,0,15,0,0,0,1,0.325581395
5359091,Yes,Yes,Yes,Yes,Yes,Yes,Yes,0.29,no_headphones,mobile,Apple iPhone,iOS,Mobile Safari,832x322,1,43,f,Saudi,Saudi Arabia,no,bachelors,Arabic,Saudi,Najdi,13,9,no,none,none,,none,,2,3,3,2,10,2.5,intermediate,10,0.83,3,11,0,1,1,0,1,8,0,0.2,0.04,0.8,0.04
5337282,Yes,Yes,Yes,Yes,Yes,Yes,Yes,0.81,headphones,computer,Desktop or Laptop,Windows,Chrome,1280x569,1,42,f,Saudi,UK,yes,masters,Arabic,Saudi,,14,9,yes,> 1 year,Postgraduate Degree,MA,French,,3,4,4,4,15,3.75,intermediate,10,0.83,9,22,1,11,12,0,11,17,0,0.37,0.13,0.614457831,0.144578313
5359092,Yes,Yes,Yes,Yes,Yes,Yes,Yes,0.07,earphones,computer,Desktop or Laptop,Mac OS,Safari,1194x727,1,40,f,Saudi,Saudi Arabia,no,masters,Arabic,Saudi,Najdi,12,6,no,none,none,,none,,2,1,1,1,5,1.25,beginner,9,0.75,1,6,0,0,3,0,0,5,0,0.07,0,0.933333333,0.2
5357676,Yes,Yes,Yes,Yes,Yes,Yes,Yes,0,no_headphones,computer,Desktop or Laptop,Windows,Chrome,1366x625,1,42,f,Saudi,Saudi Arabia,no,masters,Arabic,Saudi,Najdi,12,11,no,none,IELTS,5.5,none,,4,2,1,4,11,2.75,intermediate,10,0.83,1,13,0,2,2,0,0,13,0,0.1,0.06,0.903225806,0.064516129
5342157,Yes,Yes,Yes,Yes,Yes,Yes,Yes,0,no_headphones,tablet,Apple iPad,iOS,GSA,1194x658,1,28,f,Saudi,Saudi Arabia,no,secondary,Arabic,Saudi,,26,0,no,none,none,,none,,0,1,1,1,3,0.75,beginner,4,0.33,2,13,0,1,16,0,1,12,0,0.09,0.02,0.911111111,0.355555556
5341797,Yes,Yes,Yes,Yes,Yes,Yes,Yes,0.15,headphones,mobile,Huawei CLT-L29,Android,Chrome,720x277,1,26,m,Saudi,Saudi Arabia,no,masters,Arabic,Saudi,Najdi Southern,12,13,yes,> 1 year,Postgraduate Degree,MA,none,,5,5,5,3,18,4.5,advanced,9,0.75,6,13,0,7,10,0,1,8,0,0.31,0.15,0.688888889,0.222222222
5339892,Yes,Yes,Yes,Yes,Yes,Yes,Yes,0.75,headphones,computer,Desktop or Laptop,Windows,Chrome,1280x609,1,28,f,Omani,Oman,no,bachelors,Arabic,Omani,Omani,10,,yes,> 1 year,Undergraduate Degree,BA,French,,5,5,4,4,18,4.5,nearnative,11,0.92,2,6,1,1,1,1,1,6,0,0.21,0.05,0.684210526,0.052631579
5336722,Yes,Yes,Yes,Yes,Yes,Yes,Yes,0,earphones,computer,Desktop or Laptop,Windows,Chrome,1280x609,1,32,f,Saudi,Saudi Arabia,no,masters,Arabic,Saudi,,7,19,yes,> 1 year,Postgraduate Degree,MA,none,,4,5,4,4,17,4.25,nearnative,11,0.92,4,7,0,6,3,0,4,6,0,0.47,0.2,0.533333333,0.1
5335791,Yes,Yes,Yes,Yes,Yes,Yes,Yes,0,no_headphones,computer,Desktop or Laptop,Windows,Chrome,1536x714,1,28,f,Saudi,Saudi Arabia,no,masters,Arabic,Saudi,Najdi,12,13,no,none,Undergraduate Degree,BA,none,,5,5,4,5,19,4.75,advanced,12,1,7,7,0,12,5,0,5,11,0,0.51,0.25,0.489361702,0.106382979
5339069,Yes,Yes,Yes,Yes,Yes,Yes,Yes,0,no_headphones,computer,Desktop or Laptop,Windows,Chrome,1280x609,1,26,f,Saudi,Saudi Arabia,no,masters,Arabic,Saudi,,10,17,yes,> 6 months,IELTS,,none,,3,4,4,5,16,4,intermediate,9,0.75,4,14,2,4,7,0,2,10,0,0.23,0.09,0.720930233,0.162790698
5337115,Yes,Yes,Yes,Yes,Yes,Yes,Yes,0,no_headphones,computer,Desktop or Laptop,Windows,Chrome,1366x657,1,41,f,Saudi,Saudi Arabia,no,bachelors,Arabic,Saudi,Najdi Northern,10,6,no,none,none,,none,,3,5,5,1,14,3.5,beginner,5,0.42,1,12,0,1,15,0,2,15,0,0.09,0.02,0.913043478,0.326086957
5341798,Yes,Yes,Yes,Yes,Yes,No,Yes,0.3,no_headphones,mobile,Apple iPhone,iOS,Mobile Safari,832x342,1,30,f,Saudi,Saudi Arabia,no,masters,Arabic,Saudi,Hijazi,7,12,no,none,Postgraduate Degree,MA Linguistics,Turkish,,5,5,5,5,20,5,nearnative,12,1,6,12,8,8,10,1,12,13,0,0.37,0.11,0.5,0.142857143
5341802,Yes,Yes,Yes,Yes,Yes,Yes,Yes,0.07,no_headphones,computer,Desktop or Laptop,Mac OS,Safari,1440x837,1,37,f,Jordanian,Jordan,no,doctorate,Arabic,Palestinian,,13,7,no,none,CEFR,B2,Turkish,,4,3,3,4,14,3.5,intermediate,9,0.75,3,17,5,2,12,5,3,14,5,0.12,0.03,0.651515152,0.181818182
5338152,Yes,Yes,Yes,Yes,Yes,Yes,Yes,0.37,no_headphones,mobile,Apple iPhone,iOS,Mobile Safari,750x346,1,33,f,Saudi,UK,yes,masters,Arabic,Saudi,,12,13,yes,> 1 year,Postgraduate Degree,MA,none,,4,5,4,3,16,4,advanced,12,1,4,3,1,4,2,0,2,2,0,0.56,0.22,0.388888889,0.111111111
5338811,Yes,Yes,Yes,Yes,Yes,Yes,Yes,0,no_headphones,mobile,Apple iPhone,iOS,Mobile Safari,724x325,1,33,f,Saudi,Saudi Arabia,no,masters,Arabic,Saudi,Najdi,29,6,no,none,none,,none,,1,3,1,0,5,1.25,beginner,9,0.75,1,21,0,1,23,0,1,21,0,0.04,0.01,0.955882353,0.338235294
5337579,Yes,Yes,Yes,Yes,Yes,Yes,Yes,0.56,earphones,mobile,Huawei LYA-L09,Android,Chrome,755x279,1,31,f,Syrian,UK,yes,secondary,Arabic,Syrian,,7,6,yes,> 1 year,ESOL,Level 1,none,,4,3,3,3,13,3.25,advanced,7,0.58,12,11,2,1,15,0,12,9,0,0.4,0.02,0.564516129,0.241935484
5338948,Yes,Yes,Yes,Yes,Yes,Yes,Yes,0.54,no_headphones,mobile,Apple iPhone,iOS,Mobile Safari,750x304,1,25,f,Saudi,Saudi Arabia,no,bachelors,Arabic,Saudi,Najdi,17,8,yes,> 6 months,Undergraduate Degree,BA,Spanish,,5,4,4,5,18,4.5,advanced,9,0.75,10,19,8,9,19,7,9,19,7,0.26,0.08,0.53271028,0.177570093
5337166,Yes,Yes,Yes,Yes,Yes,Yes,Yes,0.17,no_headphones,mobile,Apple iPhone,iOS,Mobile Safari,667x325,1,22,f,Saudi,Saudi Arabia,no,bachelors,Arabic,Saudi,,17,13,no,none,none,,none,,4,3,1,2,10,2.5,intermediate,9,0.75,2,10,0,1,4,0,0,4,0,0.14,0.05,0.857142857,0.19047619
5337506,Yes,Yes,Yes,Yes,Yes,Yes,Yes,0.31,no_headphones,mobile,Samsung SM-N9860,Android,Samsung Browser,809x340,1,26,f,Saudi,UK,yes,bachelors,Arabic,Saudi,,25,1,yes,> 6 months,none,,none,,4,2,2,3,11,2.75,beginner,9,0.75,2,4,0,1,2,0,2,5,0,0.31,0.06,0.6875,0.125
5336602,Yes,Yes,Yes,Yes,Yes,Yes,Yes,0.02,headphones,computer,Desktop or Laptop,Windows,Chrome,1280x609,1,21,m,Saudi,Saudi Arabia,no,bachelors,Arabic,Saudi,Hijazi,13,8,no,none,,,French,,4,3,2,3,12,3,intermediate,9,0.75,8,12,2,3,9,0,1,12,0,0.26,0.06,0.70212766,0.191489362
5337014,Yes,Yes,Yes,Yes,Yes,Yes,Yes,0.15,no_headphones,mobile,Huawei LYA-L29,Android,Chrome,716x279,1,28,f,Saudi,UK,yes,doctorate,Arabic,Saudi,,17,4,yes,> 1 year,Postgraduate Degree,PhD,none,,3,4,4,4,15,3.75,advanced,11,0.92,2,13,0,4,11,0,2,8,0,0.2,0.1,0.8,0.275
5336601,Yes,Yes,Yes,Yes,Yes,Yes,Yes,0.01,headphones,mobile,Apple iPhone,iOS,Mobile Safari,750x307,1,26,f,Saudi,Saudi Arabia,no,masters,Arabic,Saudi,Najdi,11,16,no,none,IELTS,6.5,Turkish,,5,4,4,3,16,4,advanced,12,1,4,13,4,6,9,1,6,14,0,0.28,0.1,0.631578947,0.157894737
5336078,Yes,Yes,Yes,Yes,Yes,Yes,No,0.17,earphones,computer,Desktop or Laptop,Mac OS,Firefox,1273x714,1,32,f,Saudi,UK,yes,masters,Arabic,Saudi,,14,15,yes,> 1 year,Postgraduate Degree,MA,none,,4,4,3,4,15,3.75,advanced,11,0.92,6,7,0,8,9,0,9,8,0,0.49,0.17,0.510638298,0.191489362
5335700,Yes,Yes,Yes,Yes,Yes,Yes,Yes,0.51,no_headphones,computer,Desktop or Laptop,Windows,Chrome,1536x714,1,34,f,Saudi,Saudi Arabia,no,bachelors,Arabic,Saudi,,6,10,no,< 6 months,Undergraduate Degree,BA,none,,5,5,5,5,20,5,nearnative,10,0.83,12,12,0,12,6,0,12,12,0,0.55,0.18,0.454545455,0.090909091
5335482,Yes,Yes,Yes,Yes,Yes,Yes,Yes,1,no_headphones,mobile,Google Pixel 3a XL,Android,Chrome,816x348,1,32,n,nowhere,world,no,masters,Arabic,Saudi,Najdi Central,5,10,no,< 6 months,none,0,French,,5,5,3,3,16,4,advanced,11,0.92,3,6,12,7,5,12,8,6,12,0.25,0.1,0.23943662,0.070422535
5299874,Yes,Yes,Yes,Yes,Yes,Yes,Yes,0.14,no_headphones,computer,Desktop or Laptop,Mac OS,Safari,1080x704,1,23,f,Saudi,Saudi Arabia,no,bachelors,Arabic,Saudi,,12,10,no,none,Undergraduate Degree,BA,none,,5,5,4,3,17,4.25,intermediate,9,0.75,10,14,0,3,5,0,4,9,0,0.38,0.07,0.622222222,0.111111111
5298847,Yes,Yes,Yes,Yes,Yes,Yes,Yes,0,no_headphones,computer,Desktop or Laptop,Mac OS,Chrome,1424x1247,1,38,f,Libyan,UK,yes,doctorate,Arabic,Libyan,,7,10,yes,> 5 years,Postgraduate Degree,PhD,Turkish,French (both on Duolingo,5,5,5,5,20,5,nearnative,12,1,4,7,1,4,5,0,5,5,0,0.42,0.13,0.548387097,0.161290323
5212730,Yes,Yes,Yes,Yes,Yes,Yes,Yes,0,earphones,mobile,Samsung SM-A715F,Android,Samsung Browser,832x340,1,29,m,Syrian,Turkey,yes,professional qualification,Arabic,Syrian,,6,15,no,none,IELTS,,French,,5,5,4,5,19,4.75,advanced,11,0.92,5,7,2,2,2,1,2,4,0,0.36,0.08,0.52,0.08
5246620,Yes,Yes,Yes,Yes,Yes,Yes,Yes,0.56,no_headphones,computer,Desktop or Laptop,Windows,Chrome,1366x600,1,31,m,Sudanese,Jordan,yes,masters,Arabic,Sudanese,,27,1,no,none,CEFR,C1,French,,5,5,4,5,19,4.75,nearnative,11,0.92,5,5,1,3,3,0,4,3,0,0.5,0.12,0.458333333,0.125
5247103,Yes,Yes,Yes,Yes,Yes,Yes,Yes,0.62,earphones,computer,Desktop or Laptop,Mac OS,Safari,1345x665,1,25,f,Saudi,Saudi Arabia,no,masters,Arabic,Saudi,,10,10,yes,> 1 year,Postgraduate Degree,MA,none,,5,3,3,3,14,3.5,intermediate,11,0.92,7,10,0,2,2,0,2,11,0,0.32,0.06,0.676470588,0.058823529
5196532,Yes,Yes,Yes,Yes,Yes,Yes,Yes,0,no_headphones,computer,Desktop or Laptop,Mac OS,Chrome,1440x789,1,34,f,Saudi,UK,yes,doctorate,Arabic,Saudi,Najdi Southern,12,22,yes,> 1 year,Postgraduate Degree,MA,none,,4,4,4,3,15,3.75,advanced,11,0.92,1,11,0,3,4,0,1,1,0,0.24,0.14,0.761904762,0.19047619
5229722,Yes,Yes,Yes,Yes,Yes,Yes,Yes,0.15,no_headphones,mobile,undefined M2007J3SY,Android,Chrome,793x304,1,29,m,Palestinian,Jordan,yes,bachelors,Arabic,Palestinian,,10,10,no,none,none,,none,,5,5,4,4,18,4.5,advanced,12,1,8,8,0,8,5,0,4,8,0,0.49,0.19,0.512195122,0.12195122
5201553,Yes,Yes,Yes,Yes,Yes,Yes,Yes,0.24,no_headphones,computer,Desktop or Laptop,Windows,Edge,992x502,1,57,f,Lebanese,Australia,yes,masters,Arabic,Lebanese,,5,17,yes,> 5 years,Postgraduate Degree,,none,,5,5,5,5,20,5,nearnative,12,1,11,5,0,11,3,0,10,2,0,0.76,0.26,0.238095238,0.071428571
5212731,Yes,Yes,Yes,Yes,Yes,Yes,Yes,0.32,earphones,computer,Desktop or Laptop,Windows,Chrome,1229x577,1,24,f,Jordanian,Jordan,no,bachelors,Arabic,Jordanian,,5,16,no,none,Undergraduate Degree,BA,Turkish,,4,4,3,3,14,3.5,intermediate,8,0.67,8,15,5,7,12,4,6,16,1,0.28,0.09,0.581081081,0.162162162
5182923,Yes,Yes,Yes,Yes,Yes,Yes,Yes,0.1,earphones,mobile,Apple iPhone,iOS,WebKit,724x354,1,32,f,Tunisian,UK,yes,bachelors,Arabic,Tunisian,"Syrian, Egyptian ",13,7,no,> 5 years,GCSE,,French,,4,4,3,4,15,3.75,advanced,12,1,10,7,3,8,8,4,10,3,3,0.5,0.14,0.321428571,0.142857143
5212696,Yes,Yes,Yes,Yes,Yes,No,No,0.69,headphones,computer,Desktop or Laptop,Windows,Chrome,1366x625,1,52,f,Palestinian,UK,yes,bachelors,Arabic,Palestinian,Middle Eastern,8,40,yes,> 5 years,Undergraduate Degree,BA,none,,3,3,3,3,12,3,advanced,9,0.75,8,9,0,1,2,0,9,10,0,0.46,0.03,0.538461538,0.051282051
5201938,Yes,Yes,Yes,Yes,Yes,Yes,Yes,0,no_headphones,computer,Desktop or Laptop,Windows,Chrome,1536x722,1,42,f,Palestinian,UK,yes,doctorate,Arabic,Palestinian,Gaza,13,10,no,> 1 year,Diploma,Diploma,none,,3,3,3,1,10,2.5,intermediate,10,0.83,6,3,0,5,4,0,2,3,0,0.57,0.21,0.434782609,0.173913043
5182922,Yes,Yes,Yes,Yes,Yes,Yes,Yes,0.61,earphones,mobile,Apple iPhone,iOS,Mobile Safari,808x331,1,27,f,Saudi,UK,yes,bachelors,Arabic,Saudi,,19,5,no,< 6 months,none,,none,,4,4,2,2,12,3,intermediate,11,0.92,8,9,1,5,5,0,7,6,0,0.49,0.12,0.487804878,0.12195122
5189512,Yes,Yes,Yes,Yes,Yes,Yes,Yes,0.69,no_headphones,computer,Desktop or Laptop,Mac OS,Safari,1440x820,1,18,f,Egyptian,Netherlands,yes,secondary,Arabic,Egyptian,,3,18,yes,> 5 years,GCSE,English,none,,5,5,4,5,19,4.75,nearnative,9,0.75,12,8,0,12,0,0,12,10,0,0.67,0.22,0.333333333,0
5155797,Yes,Yes,Yes,Yes,Yes,Yes,Yes,0,no_headphones,mobile,Apple iPhone,iOS,Mobile Safari,667x325,1,19,m,Syrian,Sweden ,yes,secondary,Arabic,Syrian,,6,1,no,none,Secondary school,Swedish upper secondary level,Swedish,,5,5,5,5,20,5,nearnative,12,1,9,2,3,2,0,3,3,3,3,0.5,0.07,0.178571429,0
5116025,Yes,Yes,Yes,Yes,Yes,Yes,Yes,0.91,earphones,computer,Desktop or Laptop,Windows,Chrome,1536x722,1,35,f,Jordanian,Australia,yes,bachelors,Arabic,Jordanian,,1,15,yes,> 5 years,none,,none,,4,4,4,4,16,4,advanced,11,0.92,10,3,0,6,2,0,10,3,0,0.76,0.17,0.235294118,0.058823529
5089630,Yes,Yes,Yes,Yes,Yes,Yes,Yes,0.51,no_headphones,computer,Desktop or Laptop,Mac OS,Safari,1080x707,1,18,f,Saudi,Saudi Arabia,no,secondary,Arabic,Saudi,,7,6,no,none,none,,Turkish,,3,3,2,3,11,2.75,intermediate,11,0.92,6,7,1,5,5,0,5,6,0,0.46,0.14,0.514285714,0.142857143
5082295,Yes,Yes,Yes,Yes,Yes,Yes,Yes,0.03,earphones,tablet,Apple iPad,iOS,Chrome,1080x691,1,18,f,Saudi,Saudi Arabia,no,secondary,Arabic,Saudi,Najdi Northern,12,6,no,none,none,,none,,3,4,1,2,10,2.5,intermediate,11,0.92,5,12,2,3,11,0,3,12,0,0.23,0.06,0.729166667,0.229166667
5097676,Yes,Yes,Yes,Yes,Yes,Yes,Yes,0.59,earphones,computer,Desktop or Laptop,Mac OS,Safari,1080x742,1,17,f,Saudi,Saudi Arabia,no,bachelors,Arabic,Saudi,,8,9,no,none,none,,none,,3,3,2,2,10,2.5,intermediate,11,0.92,6,18,0,1,8,0,4,12,0,0.22,0.02,0.775510204,0.163265306
5029580,Yes,Yes,Yes,Yes,Yes,Yes,Yes,0.05,earphones,computer,Desktop or Laptop,Windows,Edge,1366x657,1,30,f,Saudi,UK,yes,doctorate,Arabic,Saudi,Hijazi,13,17,yes,> 5 years,Postgraduate Degree,PhD,none,,3,5,5,4,17,4.25,advanced,10,0.83,9,12,0,7,11,0,8,9,0,0.43,0.12,0.571428571,0.196428571
5082294,Yes,Yes,Yes,Yes,Yes,Yes,Yes,0.18,no_headphones,computer,Desktop or Laptop,Mac OS,Safari,1194x727,1,18,f,Saudi,Saudi Arabia,no,bachelors,Arabic,Saudi,,7,12,yes,> 1 year,Secondary school,High School Diploma,none,,5,5,5,5,20,5,nearnative,12,1,6,7,0,4,3,0,2,5,0,0.44,0.15,0.555555556,0.111111111
5018214,Yes,Yes,Yes,Yes,Yes,Yes,Yes,0.51,earphones,mobile,Apple iPhone,iOS,Mobile Safari,800x370,1,22,f,Algerian,Algeria ,no,masters,Arabic,Algerian,,13,11,no,none,Undergraduate Degree,BA,French,only a few words,4,4,4,4,16,4,advanced,9,0.75,9,15,7,9,15,7,9,11,2,0.32,0.11,0.488095238,0.178571429
5003021,Yes,Yes,Yes,Yes,Yes,Yes,Yes,0,earphones,mobile,Samsung SM-G9860,Android,Chrome,780x304,1,30,f,Algerian,Algeria ,no,doctorate,Arabic,Algerian,,12,17,yes,> 1 year,Postgraduate Degree,PhD,French,,4,5,5,5,19,4.75,advanced,12,1,12,24,7,9,18,0,9,20,3,0.29,0.09,0.607843137,0.176470588
5029581,Yes,Yes,Yes,Yes,Yes,Yes,Yes,0,earphones,mobile,Apple iPhone,iOS,Mobile Safari,750x307,1,38,f,Saudi,Saudi Arabia,no,doctorate,Arabic,Saudi,,16,10,yes,> 1 year,IELTS,,none,,5,5,4,3,17,4.25,advanced,10,0.83,1,9,0,4,2,0,2,8,0,0.27,0.15,0.730769231,0.076923077
5027737,Yes,Yes,Yes,Yes,Yes,Yes,Yes,0,no_headphones,computer,Desktop or Laptop,Mac OS,Safari,1115x745,1,33,f,Saudi,UK,yes,masters,Arabic,Saudi,,12,6,yes,< 6 months,Postgraduate Degree,MA,none,,4,4,4,3,15,3.75,advanced,12,1,8,10,0,5,2,0,5,3,0,0.55,0.15,0.454545455,0.060606061
5010776,Yes,Yes,Yes,Yes,Yes,Yes,Yes,0.2,no_headphones,mobile,Huawei SNE-LX1,Android,Chrome,710x274,1,26,f,Algerian,Algeria ,no,doctorate,Arabic,Algerian,,13,13,no,none,Postgraduate Degree,PhD,French,,3,4,4,3,14,3.5,advanced,12,1,6,10,1,3,1,0,4,9,0,0.38,0.09,0.588235294,0.029411765
5047738,Yes,Yes,Yes,Yes,Yes,Yes,Yes,0.33,no_headphones,mobile,Apple iPhone,iOS,Chrome,800x350,1,45,f,Saudi,Saudi Arabia,no,bachelors,Arabic,Saudi,,13,4,no,none,none,,none,,2,4,4,2,12,3,intermediate,7,0.58,2,14,0,2,14,0,1,13,0,0.11,0.04,0.891304348,0.304347826
5038591,Yes,Yes,Yes,Yes,Yes,Yes,Yes,0,no_headphones,mobile,Apple iPhone,iOS,Mobile Safari,808x414,1,33,f,Saudi,UK,yes,masters,Arabic,Saudi,Najdi,16,2,yes,> 6 months,IELTS,,none,,5,5,4,4,18,4.5,advanced,9,0.75,8,6,3,7,4,0,7,5,0,0.55,0.17,0.375,0.1
5037277,Yes,Yes,Yes,Yes,Yes,Yes,Yes,0.77,no_headphones,mobile,undefined M2006C3LI,Android,Chrome,725x277,1,22,f,Algerian,Algeria ,no,masters,Arabic,Algerian,,11,11,no,none,Postgraduate Degree,MA,none,,4,5,4,3,16,4,advanced,11,0.92,3,12,1,1,1,0,3,12,0,0.21,0.03,0.757575758,0.03030303
5029573,Yes,Yes,Yes,Yes,Yes,Yes,Yes,0.01,no_headphones,computer,Desktop or Laptop,Windows,Edge,1440x849,1,30,f,Saudi,UK,yes,masters,Arabic,Saudi,Najdi,11,5,yes,> 1 year,Postgraduate Degree,MA,none,,4,3,1,3,11,2.75,intermediate,9,0.75,8,7,1,8,3,0,7,5,0,0.59,0.2,0.384615385,0.076923077
5010775,Yes,Yes,Yes,Yes,Yes,Yes,Yes,0.77,headphones,mobile,Apple iPhone,iOS,Chrome,800x358,1,30,f,Algerian,Algeria ,no,doctorate,Arabic,Algerian,,12,18,yes,> 5 years,Postgraduate Degree,PhD and MA,French,,4,5,5,4,18,4.5,nearnative,11,0.92,7,17,5,12,10,3,8,12,3,0.35,0.16,0.506493506,0.12987013
5016049,Yes,Yes,Yes,Yes,Yes,Yes,Yes,0.05,earphones,mobile,Samsung SM-A600G,Android,Chrome,692x280,1,31,m,Algerian,Algeria ,no,doctorate,Arabic,Algerian,,17,14,no,none,Postgraduate Degree,MA,French,,5,5,5,4,19,4.75,advanced,10,0.83,6,6,1,3,3,0,4,4,0,0.48,0.11,0.481481481,0.111111111
5031281,Yes,Yes,Yes,Yes,Yes,Yes,Yes,0,earphones,mobile,Apple iPhone,iOS,Mobile Safari,808x370,1,26,f,Saudi,UK,yes,bachelors,Arabic,Saudi,,12,4,yes,> 1 year,IELTS,6,none,,3,5,5,3,16,4,advanced,9,0.75,10,9,0,11,5,0,3,10,0,0.5,0.23,0.5,0.104166667
5031282,Yes,Yes,Yes,Yes,Yes,Yes,Yes,0.11,no_headphones,computer,Desktop or Laptop,Windows,Chrome,1366x657,1,32,f,Saudi,UK,yes,masters,Arabic,Saudi,Hijazi,16,4,yes,< 6 months,none,,none,,3,3,3,3,12,3,advanced,10,0.83,7,7,0,5,6,0,6,6,0,0.49,0.13,0.513513514,0.162162162
5029568,Yes,Yes,Yes,Yes,Yes,Yes,Yes,0.16,no_headphones,mobile,Apple iPhone,iOS,Mobile Safari,724x292,1,45,m,Saudi,UK,yes,bachelors,Arabic,Saudi,Najdi Southern,12,6,yes,> 1 year,none,,none,,3,5,3,2,13,3.25,beginner,7,0.58,6,14,0,1,3,0,5,13,0,0.29,0.02,0.714285714,0.071428571
5029577,Yes,Yes,Yes,Yes,Yes,Yes,Yes,0,earphones,mobile,Apple iPhone,iOS,WebKit,667x375,1,30,f,Saudi,Saudi Arabia,no,bachelors,Arabic,Saudi,Najdi Southern,12,12,no,none,none,,none,,3,3,3,3,12,3,intermediate,8,0.67,4,3,4,1,0,0,5,11,0,0.36,0.04,0.5,0
5029572,Yes,Yes,Yes,Yes,Yes,Yes,Yes,0.29,no_headphones,mobile,Apple iPhone,iOS,Mobile Safari,832x384,1,33,f,Saudi,UK,yes,bachelors,Arabic,Saudi,,14,17,yes,> 1 year,IELTS,,none,,5,3,2,4,14,3.5,intermediate,10,0.83,7,16,1,3,14,0,5,14,0,0.25,0.05,0.733333333,0.233333333
5029579,Yes,Yes,Yes,Yes,Yes,Yes,Yes,0,no_headphones,mobile,Samsung SM-G991B,Android,Samsung Browser,836x364,1,33,f,Saudi,UK,yes,masters,Arabic,Saudi,,5,14,yes,> 1 year,Postgraduate Degree,MA,none,,2,4,4,4,14,3.5,advanced,11,0.92,4,8,0,4,6,0,4,6,0,0.38,0.12,0.625,0.1875
5027661,Yes,Yes,Yes,Yes,Yes,Yes,Yes,0.61,no_headphones,computer,Desktop or Laptop,Mac OS,Chrome,1440x690,1,32,f,Saudi,UK,yes,masters,Arabic,Saudi,,27,2,yes,> 1 year,none,,none,,3,3,2,3,11,2.75,intermediate,6,0.5,6,5,0,4,3,0,5,5,0,0.54,0.14,0.464285714,0.107142857
5027663,Yes,Yes,Yes,Yes,Yes,Yes,Yes,0.86,earphones,tablet,Apple iPad,iOS,Chrome,1112x719,1,34,f,Saudi,UK,yes,masters,Arabic,Saudi,Najdi,19,8,yes,> 1 year,Postgraduate Degree,MA,none,,4,4,4,4,16,4,advanced,11,0.92,2,4,0,4,4,0,5,5,0,0.46,0.16,0.541666667,0.166666667
5015265,Yes,Yes,Yes,Yes,Yes,No,Yes,0,no_headphones,mobile,undefined M2004J19C,Android,Chrome,776x310,1,22,f,Algerian,Algeria ,no,masters,Arabic,Algerian,,12,13,no,none,Undergraduate Degree,BA,none,,2,3,3,1,9,2.25,intermediate,10,0.83,3,10,0,3,14,0,7,12,0,0.27,0.06,0.734693878,0.285714286
5003012,Yes,Yes,Yes,Yes,Yes,Yes,Yes,0.66,no_headphones,mobile,Samsung SM-A217F,Android,Samsung Browser,828x340,1,27,f,Algerian,UK,yes,masters,Arabic,Algerian,,11,12,yes,> 1 year,Postgraduate Degree,MA,French,,5,5,5,5,20,5,advanced,11,0.92,10,10,0,7,4,1,8,7,0,0.53,0.15,0.446808511,0.085106383
5003019,Yes,Yes,Yes,Yes,Yes,Yes,No,0.57,earphones,computer,Desktop or Laptop,Mac OS,Chrome,1440x688,1,32,m,Algerian,Algeria ,no,secondary,Arabic,Algerian,,13,7,no,none,none,,French,,4,5,5,3,17,4.25,advanced,11,0.92,12,16,1,9,13,1,9,13,1,0.4,0.12,0.56,0.173333333
5010884,Yes,Yes,Yes,Yes,Yes,Yes,Yes,0.62,earphones,mobile,Samsung SM-A207F,Android,Samsung Browser,813x340,1,37,f,Egyptian,Egypt,no,masters,Arabic,Egyptian,,4,21,no,none,TOEFL,,French,,5,4,4,4,17,4.25,advanced,10,0.83,4,8,0,4,12,0,3,11,0,0.26,0.09,0.738095238,0.285714286
5012893,Yes,Yes,Yes,Yes,Yes,Yes,Yes,0.88,no_headphones,mobile,Samsung SM-M205F,Android,Chrome,812x332,1,29,f,Algerian,Algeria ,no,doctorate,Arabic,Algerian,,11,18,no,none,Postgraduate Degree,MA,French,,3,5,5,3,16,4,advanced,10,0.83,12,13,12,12,1,12,8,12,12,0.34,0.13,0.276595745,0.010638298
5003023,Yes,Yes,Yes,Yes,Yes,Yes,Yes,0,earphones,computer,Desktop or Laptop,Mac OS,Chrome,1280x632,1,28,f,Algerian,Algeria ,no,masters,Arabic,Algerian,,11,17,no,none,Postgraduate Degree,MA,French,,3,4,3,4,14,3.5,advanced,12,1,9,13,1,8,9,1,7,13,1,0.39,0.13,0.564516129,0.14516129
5010779,Yes,Yes,Yes,Yes,Yes,Yes,Yes,0.16,no_headphones,mobile,Xiaomi Redmi Note 9 Pro,Android,Chrome,789x300,1,32,m,Egyptian,Egypt,no,bachelors,Arabic,Egyptian,,8,14,no,none,Undergraduate Degree,BA,none,,3,3,2,2,10,2.5,intermediate,6,0.5,1,14,0,0,3,0,0,12,0,0.03,0,0.966666667,0.1
5003015,Yes,Yes,Yes,Yes,Yes,Yes,Yes,0.08,earphones,computer,Desktop or Laptop,Mac OS,Chrome,1440x793,1,30,f,Algerian,UK,yes,doctorate,Arabic,Algerian,,12,15,yes,> 5 years,Postgraduate Degree,MA,French,,5,5,4,4,18,4.5,advanced,12,1,9,14,8,11,4,4,7,3,2,0.44,0.18,0.338709677,0.064516129
4990048,Yes,Yes,Yes,Yes,Yes,Yes,Yes,0.1,earphones,mobile,Apple iPhone,iOS,Mobile Safari,724x292,1,14,f,Saudi,Saudi Arabia,no,secondary,Arabic,Saudi,,8,6,no,none,Secondary school,,none,,4,4,4,4,16,4,nearnative,12,1,8,7,0,4,2,0,7,6,0,0.56,0.12,0.441176471,0.058823529
5000809,Yes,Yes,Yes,Yes,Yes,Yes,Yes,0.76,no_headphones,computer,Desktop or Laptop,Windows,Chrome,1366x657,1,43,f,Egyptian,Egypt,no,masters,Arabic,Egyptian,,12,4,no,none,Postgraduate Degree,MBA,none,,5,5,4,3,17,4.25,advanced,12,1,3,13,0,3,11,0,3,10,0,0.21,0.07,0.790697674,0.255813953
5000812,Yes,Yes,Yes,Yes,Yes,Yes,Yes,0,no_headphones,mobile,Realme RMX1851,Android,Chrome,736x272,1,30,f,Egyptian,Egypt,no,masters,Arabic,Egyptian,Just Arabic,9,9,no,none,none,,Korean,,1,3,3,1,8,2,intermediate,7,0.58,5,14,7,4,19,5,2,16,1,0.15,0.05,0.671232877,0.260273973
5000814,Yes,Yes,Yes,Yes,Yes,Yes,Yes,0.51,no_headphones,mobile,Xiaomi Redmi Note 8,Android,MIUI Browser,775x250,1,36,f,Egyptian,Egypt,no,bachelors,Arabic,Egyptian,Slang,9,13,no,none,Undergraduate Degree,BA,none,,4,4,4,3,15,3.75,advanced,12,1,4,12,0,1,6,0,1,12,0,0.17,0.03,0.833333333,0.166666667
5000759,Yes,Yes,Yes,Yes,Yes,Yes,Yes,0.14,no_headphones,mobile,Huawei ART-L29,Android,Chrome,706x270,1,43,f,Egyptian,Egypt,no,bachelors,Arabic,Egyptian,Public Egyptian,4,2,no,none,CEFR,A2,none,,4,4,2,4,14,3.5,intermediate,8,0.67,3,20,3,4,14,1,4,13,1,0.17,0.06,0.746031746,0.222222222
5000407,Yes,Yes,Yes,Yes,Yes,Yes,Yes,0.79,earphones,mobile,OPPO CPH2113,Android,Chrome,721x267,1,29,f,Egyptian,Egypt,no,masters,Arabic,Egyptian,,10,19,no,none,Postgraduate Degree,Pre-master course,none,,4,5,5,4,18,4.5,advanced,12,1,6,16,1,10,18,0,4,12,0,0.3,0.15,0.686567164,0.268656716
4988182,Yes,Yes,Yes,Yes,Yes,Yes,Yes,0.56,no_headphones,mobile,Apple iPhone,iOS,Mobile Safari,808x331,1,36,f,Saudi,Saudi Arabia,no,masters,Arabic,Saudi,Najdi,12,15,yes,> 1 year,none,,none,,5,5,2,4,16,4,advanced,11,0.92,7,14,0,9,5,0,7,9,0,0.45,0.17,0.549019608,0.098039216
4988179,Yes,Yes,Yes,Yes,Yes,Yes,Yes,0.23,no_headphones,tablet,Apple iPad,iOS,Chrome,1194x715,0,36,f,Saudi,Saudi Arabia,no,bachelors,Arabic,Saudi,,12,6,no,none,Undergraduate Degree,BA,none,,3,4,3,2,12,3,intermediate,7,0.58,3,9,0,0,2,0,1,5,0,0.2,0,0.8,0.1
4986648,Yes,Yes,Yes,Yes,Yes,Yes,Yes,0.14,no_headphones,mobile,Apple iPhone,iOS,Mobile Safari,724x292,1,34,f,Saudi,Saudi Arabia,no,masters,Arabic,Saudi,,1,21,yes,> 1 year,Postgraduate Degree,MA,none,,5,5,4,4,18,4.5,nearnative,12,1,8,9,0,5,6,0,4,6,0,0.45,0.13,0.552631579,0.157894737
4986649,Yes,Yes,Yes,Yes,Yes,Yes,Yes,0,earphones,mobile,Apple iPhone,iOS,Chrome,724x319,1,34,f,Saudi,Saudi Arabia,no,masters,Arabic,Saudi,Gulf,3,18,yes,> 1 year,Postgraduate Degree,MA,none,,5,5,4,3,17,4.25,advanced,12,1,8,11,1,10,7,0,10,10,0,0.49,0.17,0.49122807,0.122807018
5011969,Yes,Yes,Yes,Yes,Yes,Yes,Yes,0.08,earphones,mobile,undefined PGN611,Android,Chrome,640x280,1,27,f,Algerian,Algeria ,no,professional qualification,Arabic,Algerian,,13,,no,none,Postgraduate Degree,MA,French,,2,5,3,4,14,3.5,advanced,9,0.75,3,14,0,7,11,0,1,12,0,0.23,0.15,0.770833333,0.229166667
5370466,Yes,Yes,Yes,Yes,Yes,Yes,Yes,0.68,no_headphones,mobile,Apple iPhone,iOS,Mobile Safari,724x292,1,30,f,Saudi,Saudi Arabia,no,masters,Arabic,Saudi,Najdi Central,29,0,no,none,none,,none,,2,2,0,0,4,1,beginner,7,0.58,6,14,0,1,9,0,0,12,0,0.17,0.02,0.833333333,0.214285714
5331395,Yes,Yes,Yes,Yes,Yes,Yes,Yes,0.04,earphones,mobile,Huawei JNY-LX1,Android,Chrome,736x304,1,35,f,Jordanian,Jordan,no,secondary,Arabic,Jordanian,Slang,26,1,no,none,none,,none,,1,4,5,0,10,2.5,beginner,5,0.42,3,15,0,3,18,0,3,15,0,0.16,0.05,0.842105263,0.315789474
5171949,Yes,Yes,Yes,Yes,Yes,Yes,Yes,0,earphones,mobile,Apple iPhone,iOS,Chrome,750x334,0,21,m,Syrian,Malaysia ,yes,bachelors,Arabic,Syrian,,7,4,no,none,,44810,none,,3,3,3,2,11,2.75,intermediate,9,0.75,3,2,0,5,3,0,4,1,0,0.67,0.27,0.333333333,0.166666667
5044345,Yes,Yes,Yes,Yes,Yes,Yes,Yes,0,no_headphones,mobile,undefined MRD-LX1F,Android,Chrome,712x277,1,44,f,Egyptian,Egypt,no,doctorate,Arabic,Egyptian,,10,16,no,none,TOEFL,,French,,2,3,3,3,11,2.75,intermediate,6,0.5,1,11,1,1,9,1,0,13,0,0.05,0.03,0.891891892,0.243243243
5034149,Yes,Yes,Yes,Yes,Yes,Yes,Yes,0.17,no_headphones,mobile,Apple iPhone,iOS,Mobile Safari,832x342,1,30,f,Saudi,UK,yes,bachelors,Arabic,Saudi,Najdi,10,13,yes,> 1 year,Undergraduate Degree,BA,none,,3,4,2,4,13,3.25,advanced,11,0.92,4,9,0,2,1,0,4,3,0,0.43,0.09,0.565217391,0.043478261
4982859,Yes,Yes,Yes,Yes,Yes,Yes,Yes,0.62,no_headphones,mobile,Samsung SM-G965F,Android,Chrome,798x332,0,26,m,Syrian,UK,yes,primary,Arabic,Syrian,,23,3,yes,> 1 year,ESOL,Entry 2,Turkish,,1,2,2,1,6,1.5,beginner,6,0.5,5,10,1,6,9,1,5,10,2,0.33,0.12,0.591836735,0.183673469
4986647,Yes,Yes,Yes,Yes,Yes,Yes,Yes,0.17,earphones,mobile,Google Pixel 2,Android,Chrome,684x332,1,34,f,Saudi,Saudi Arabia,no,masters,Arabic,Saudi,Najdi,4,22,yes,> 1 year,Postgraduate Degree,MA,none,,4,4,5,4,17,4.25,advanced,11,0.92,5,8,0,5,8,0,2,8,0,0.33,0.14,0.666666667,0.222222222
5304273,Yes,Yes,Yes,Yes,Yes,Yes,No,0.63,no_headphones,mobile,Apple iPhone,iOS,Mobile Safari,800x331,1,26,m,British,UK,no,bachelors,English,British,Southern,,,no,none,,,none,,0,0,0,0,0,0,none,,,12,0,1,12,0,0,12,0,0,0.972972973,0.324324324,0,0
5308657,Yes,Yes,Yes,Yes,Yes,Yes,No,0.01,no_headphones,computer,Desktop or Laptop,Windows,Chrome,1920x937,1,54,m,British,UK,no,masters,English,British,Southern,,,no,none,,,French,,0,0,0,0,0,0,none,,,7,0,0,4,0,0,3,0,0,1,0.285714286,0,0
5320764,Yes,Yes,Yes,Yes,Yes,No,No,0.08,no_headphones,computer,Desktop or Laptop,Windows,Chrome,1280x609,1,53,f,British,Germany,yes,masters,English,British,Southern,,,no,< 6 months,,,German,,0,0,0,0,0,0,none,,,10,0,3,5,0,1,12,0,2,0.818181818,0.151515152,0,0
5327303,Yes,Yes,Yes,Yes,Yes,Yes,No,0.19,headphones,computer,Desktop or Laptop,Windows,Firefox,2560x1315,1,32,m,British,UK,no,masters,English,British,Fenland/Cambridgeshire,,,no,none,,,none,,0,0,0,0,0,0,none,,,12,0,2,8,0,0,4,0,0,0.923076923,0.307692308,0,0
5330132,Yes,Yes,Yes,Yes,Yes,Yes,No,0.62,earphones,mobile,Samsung SM-G991B,Android,Chrome,726x278,1,33,f,British,UK,no,bachelors,English,British,,,,no,none,,,none,,0,0,0,0,0,0,none,,,12,0,0,8,0,0,7,0,0,1,0.296296296,0,0
5331995,Yes,Yes,Yes,Yes,Yes,Yes,No,0.02,earphones,computer,Desktop or Laptop,Mac OS,Safari,1440x710,1,29,f,British,UK,no,doctorate,English,British,Southern,,,yes,> 6 months,,,none,,1,2,1,1,5,1.25,beginner,,,10,0,0,10,0,0,12,0,0,1,0.3125,0,0
5332522,Yes,Yes,Yes,Yes,Yes,Yes,Yes,0.04,earphones,mobile,Apple iPhone,iOS,Mobile Safari,712x325,1,28,f,British,UK,no,bachelors,English,British,Southern,,,no,none,,,French,,0,0,0,0,0,0,none,,,12,0,0,9,0,0,12,0,0,1,0.272727273,0,0
5333573,Yes,Yes,Yes,Yes,Yes,Yes,No,0.41,no_headphones,computer,Desktop or Laptop,Windows,Chrome,1247x573,1,81,f,American,USA,no,doctorate,English,American,,,,no,none,,,German,,0,0,0,0,0,0,none,,,4,0,1,3,0,0,4,0,0,0.916666667,0.25,0,0
5333575,Yes,Yes,Yes,Yes,Yes,Yes,No,0.61,no_headphones,computer,Desktop or Laptop,Windows,Chrome,1280x649,1,45,f,American,UK,yes,masters,English,American,,,,no,none,,,none,,0,0,0,0,0,0,none,,,9,0,0,7,0,0,4,0,0,1,0.35,0,0
5332693,Yes,Yes,Yes,Yes,Yes,Yes,No,0.22,earphones,computer,Desktop or Laptop,Mac OS,Chrome,1200x591,1,25,f,British,UK,no,masters,English,British,Southern,,,yes,> 1 year,,,none,,0,0,0,1,1,0.25,none,,,7,0,0,5,0,0,6,0,0,1,0.277777778,0,0
5336201,Yes,Yes,Yes,Yes,Yes,Yes,No,0.05,no_headphones,computer,Desktop or Laptop,Mac OS,Chrome,1280x698,1,32,f,British,UK,no,masters,English,British,Southern,,,yes,none,,,none,,0,0,0,0,0,0,none,,,12,0,1,12,0,0,12,0,0,0.972972973,0.324324324,0,0
5308502,Yes,Yes,Yes,Yes,Yes,Yes,No,0,no_headphones,mobile,Apple iPhone,iOS,Chrome,667x319,1,25,m,British,UK,no,masters,English,British,Southern,,,no,none,,,none,,0,0,0,0,0,0,none,,,12,0,1,12,0,0,12,0,0,0.972972973,0.324324324,0,0
5312160,Yes,Yes,Yes,Yes,Yes,Yes,No,0.09,headphones,computer,Desktop or Laptop,Mac OS,Firefox,1280x715,1,45,f,Polish,UK,yes,masters,English,British,,,,no,none,,,Polish,,0,0,0,0,0,0,none,,,4,0,0,2,0,2,8,0,1,0.823529412,0.117647059,0,0
5308960,Yes,Yes,Yes,Yes,Yes,Yes,No,0.53,no_headphones,computer,Desktop or Laptop,Mac OS,Chrome,1160x658,1,26,m,British,UK,no,masters,English,British,Southern,,,no,none,,,Polish,,0,0,0,0,0,0,none,,,11,0,0,9,0,0,4,0,0,1,0.375,0,0
5341834,Yes,Yes,Yes,Yes,Yes,Yes,No,0,no_headphones,mobile,Sony XQ-AD51,Android,Chrome,820x300,1,73,f,British,UK,no,masters,English,British,,,,no,none,,,Welsh,,0,0,0,0,0,0,none,,,12,0,0,12,0,0,12,0,2,0.947368421,0.315789474,0,0
5341870,Yes,Yes,Yes,Yes,Yes,Yes,No,0.11,earphones,computer,Desktop or Laptop,Windows,Chrome,1366x665,1,43,m,Irish,Spain,yes,bachelors,English,Irish,,,,no,none,,,Spanish,,0,0,0,0,0,0,none,,,12,0,1,10,0,1,12,0,1,0.918918919,0.27027027,0,0
5340413,Yes,Yes,Yes,Yes,Yes,Yes,No,0.01,no_headphones,computer,Desktop or Laptop,Windows,Chrome,1540x726,1,33,f,British,UK,no,masters,English,British,,,,yes,> 1 year,,,French,,0,0,0,0,0,0,none,,,12,0,9,3,0,0,12,0,1,0.72972973,0.081081081,0,0
5337460,Yes,Yes,Yes,Yes,Yes,Yes,No,0.74,headphones,computer,Desktop or Laptop,Windows,Chrome,1920x937,1,31,f,British,Spain,yes,masters,English,British,Southern,,,no,none,,,Spanish,,0,0,0,0,0,0,none,,,5,0,6,2,0,4,3,0,4,0.416666667,0.083333333,0,0
5340331,Yes,Yes,Yes,Yes,Yes,Yes,No,0.01,no_headphones,computer,Desktop or Laptop,Windows,Edge,1280x609,1,69,f,British,Ireland,yes,masters,English,British,Southern,,,no,none,,,Swedish,,0,0,0,0,0,0,none,,,12,0,1,7,0,1,3,0,0,0.916666667,0.291666667,0,0
5341831,Yes,Yes,Yes,Yes,Yes,Yes,No,0,no_headphones,mobile,Apple iPhone,iOS,Mobile Safari,724x292,1,70,f,American,USA,no,masters,English,American,,,,no,none,,,German,,0,0,0,0,0,0,none,,,6,0,0,7,0,1,7,0,0,0.952380952,0.333333333,0,0
5341833,Yes,Yes,Yes,Yes,Yes,Yes,No,0.11,headphones,computer,Desktop or Laptop,Windows,Edge,1664x999,1,42,m,British,The Netherlands,yes,masters,English,British,Southern,,,yes,> 6 months,,,none,,0,0,0,0,0,0,none,,,12,0,0,12,0,1,12,0,0,0.972972973,0.324324324,0,0
5315514,Yes,Yes,Yes,Yes,Yes,Yes,No,0.79,no_headphones,computer,Desktop or Laptop,Windows,Chrome,1536x722,1,63,f,British,UK,no,professional qualification,English,British,Southern,,,no,none,,,none,,0,0,0,0,0,0,none,,,12,0,0,10,0,0,10,0,0,1,0.3125,0,0
5338550,Yes,Yes,Yes,Yes,Yes,Yes,Yes,0.13,no_headphones,mobile,Apple iPhone,iOS,Mobile Safari,667x314,1,26,f,British,UK,no,bachelors,English,British,Southern,,,no,none,,,none,,0,0,0,0,0,0,none,,,8,0,0,3,0,0,4,0,0,1,0.2,0,0
5322227,Yes,Yes,Yes,Yes,Yes,Yes,Yes,0.16,no_headphones,computer,Desktop or Laptop,Windows,Chrome,1657x871,1,37,f,American,UK,no,masters,English,American,,,,no,none,,,Spanish,,0,0,0,0,0,0,none,,,12,0,0,8,0,0,4,0,0,1,0.333333333,0,0
5339584,Yes,Yes,Yes,Yes,Yes,Yes,No,0.07,no_headphones,mobile,undefined M2004J19C,Android,Chrome,776x310,1,28,f,British,France,yes,masters,English,British,Northern Irish,,,yes,> 1 year,,,French,,1,0,0,1,2,0.5,beginner,,,12,0,12,6,0,12,6,0,12,0.4,0.1,0,0
5330133,Yes,Yes,Yes,Yes,Yes,Yes,No,0.08,earphones,computer,Desktop or Laptop,Mac OS,Chrome,1516x738,1,67,f,British,UK,no,doctorate,English,British,Yorkshire,,,no,none,,,French,,0,0,0,0,0,0,none,,,12,0,1,3,0,1,10,0,0,0.925925926,0.111111111,0,0
5312301,Yes,Yes,Yes,Yes,Yes,Yes,No,0.47,headphones,computer,Desktop or Laptop,Windows,Chrome,1280x577,1,30,f,British,UK,no,masters,English,British,Southern,,,no,none,,,,,0,0,0,0,0,0,none,,,7,0,0,9,0,0,7,0,0,1,0.391304348,0,0
5344305,Yes,Yes,Yes,Yes,Yes,Yes,No,0,earphones,mobile,Huawei ANE-LX1,Android,Chrome,687x274,1,31,f,British,France,yes,bachelors,English,British,Northern/Lancashire,,,no,none,,,French,,0,0,0,0,0,0,none,,,9,0,3,3,0,2,8,0,3,0.714285714,0.107142857,0,0
5356537,Yes,Yes,Yes,Yes,Yes,Yes,No,0.17,no_headphones,mobile,Apple iPhone,iOS,Mobile Safari,800x331,1,25,f,British,UK,no,masters,English,British,Southern,,,no,none,,,,,0,0,0,0,0,0,none,,,12,0,0,12,0,0,12,0,0,1,0.333333333,0,0
5354235,Yes,Yes,Yes,Yes,Yes,Yes,No,0.69,no_headphones,mobile,Apple iPhone,iOS,Mobile Safari,607x259,1,53,f,British,UK,no,bachelors,English,British,Surrey/Southern,,,no,none,,,none,,0,0,0,0,0,0,none,,,12,0,0,8,0,0,11,0,0,1,0.258064516,0,0
5343885,Yes,Yes,Yes,Yes,Yes,Yes,No,0.01,no_headphones,computer,Desktop or Laptop,Windows,Firefox,1680x936,1,39,f,British,Australia,yes,professional qualification,English,British,Midlands,,,no,none,,,none,,0,0,0,0,0,0,none,,,5,0,1,6,0,0,2,0,0,0.928571429,0.428571429,0,0
5359677,Yes,Yes,Yes,Yes,Yes,Yes,No,0,no_headphones,computer,Desktop or Laptop,Windows,Chrome,1366x625,1,34,m,British,UK,no,doctorate,English,British,Southern,,,no,none,,,none,,0,0,0,0,0,0,none,,,7,0,0,4,0,0,3,0,0,1,0.285714286,0,0
5353999,Yes,Yes,Yes,Yes,Yes,Yes,No,0,earphones,tablet,Apple iPad,iOS,Mobile Safari,1024x704,1,72,f,British,UK,no,secondary,English,British,Southern,,,no,none,,,French,"German, Spanish, Hungarian, Serbian",0,0,0,0,0,0,none,,,12,0,0,6,0,0,12,0,0,1,0.2,0,0
5357670,Yes,Yes,Yes,Yes,Yes,Yes,Yes,0.06,headphones,computer,Desktop or Laptop,Mac OS,Firefox,1290x556,1,64,f,American,Portugal,yes,bachelors,English,American,,,,yes,> 6 months,,,Portuguese,,0,0,0,0,0,0,none,,,5,0,2,3,0,2,3,0,3,0.611111111,0.166666667,0,0
5366866,Yes,Yes,Yes,Yes,Yes,Yes,No,0.69,no_headphones,mobile,Apple iPhone,iOS,WebKit,667x375,1,63,f,British,UK,no,bachelors,English,British,London,,,no,none,,,French,,0,0,0,0,0,0,none,,,4,0,2,1,0,0,5,0,0,0.833333333,0.083333333,0,0
5339906,Yes,Yes,Yes,Yes,Yes,Yes,No,0.01,earphones,mobile,Samsung SM-G973U,Android,Chrome,675x280,1,41,f,American,USA,no,bachelors,English,American,,,,no,none,,,none,,0,0,0,0,0,0,none,,,8,0,0,6,0,0,8,0,0,1,0.272727273,0,0
5338600,Yes,Yes,Yes,Yes,Yes,Yes,No,0,earphones,mobile,Apple iPhone,iOS,Mobile Safari,750x307,1,23,m,British,UK,no,bachelors,English,British,,,,no,none,,,none,,0,0,0,0,0,0,none,,,12,0,0,7,0,0,9,0,0,1,0.25,0,0
5356536,Yes,Yes,Yes,Yes,Yes,Yes,No,0.68,no_headphones,mobile,undefined KB2003,Android,Chrome,769x299,1,29,f,British,UK,no,bachelors,English,British,,,,no,none,,,French,,0,0,0,0,0,0,none,,,6,0,3,6,0,1,8,0,1,0.8,0.24,0,0
5328002,Yes,Yes,Yes,Yes,Yes,Yes,Yes,0,no_headphones,computer,Desktop or Laptop,Mac OS,Chrome,1133x721,1,27,f,British,UK,no,masters,English,British,Yorkshire,,,no,none,,,Spanish,,0,0,0,0,0,0,none,,,11,0,1,12,0,0,11,0,1,0.944444444,0.333333333,0,0
5353998,Yes,Yes,Yes,Yes,Yes,Yes,No,0.02,no_headphones,mobile,Apple iPhone,iOS,Mobile Safari,667x322,1,37,f,British,UK,no,bachelors,English,British,London,,,no,none,,,none,,0,0,0,0,0,0,none,,,3,0,0,4,0,0,5,0,0,1,0.333333333,0,0
5366758,Yes,Yes,Yes,Yes,Yes,Yes,No,0.01,headphones,computer,Desktop or Laptop,Mac OS,Chrome,1440x693,1,31,f,British,Pakistan,yes,masters,English,British,Southern,,,no,none,,,German,,0,0,0,0,0,0,none,,,8,0,0,6,0,0,8,0,0,1,0.272727273,0,0
5380819,Yes,Yes,Yes,Yes,Yes,Yes,No,0.71,no_headphones,mobile,OnePlus A5010,Android,Chrome,775x284,1,58,f,British,UK,no,professional qualification,English,British,,,,no,none,,,none,,0,0,0,0,0,0,none,,,12,0,0,6,0,0,8,0,0,1,0.230769231,0,0
5374409,Yes,Yes,Yes,Yes,Yes,Yes,No,0,earphones,mobile,Apple iPhone,iOS,Mobile Safari,724x289,1,60,f,British,Germany,yes,bachelors,English,British,Southern,,,yes,none,,,German,,0,0,0,0,0,0,none,,,6,0,5,3,0,1,2,0,3,0.55,0.15,0,0
5384032,Yes,Yes,Yes,Yes,Yes,Yes,No,0,no_headphones,mobile,Apple iPhone,iOS,Mobile Safari,800x302,1,55,f,British,UK,no,secondary,English,British,Southern,,,no,none,,,none,,0,0,0,0,0,0,none,,,10,0,0,4,0,0,5,0,0,1,0.210526316,0,0
5384030,Yes,Yes,Yes,Yes,Yes,Yes,No,0,no_headphones,mobile,Huawei PCT-L29,Android,Chrome,697x270,1,37,m,British,UK,no,bachelors,English,British,Yorkshire,,,no,none,,,Chinese,Mandarin,0,0,0,0,0,0,none,,,8,0,1,8,0,2,8,0,1,0.857142857,0.285714286,0,0
5409941,Yes,Yes,Yes,Yes,Yes,Yes,No,0.01,headphones,computer,Desktop or Laptop,Mac OS,Safari,1293x795,1,44,m,Canadian,Canada,no,doctorate,English,Canadian,,,,no,none,,,French,(very rarely and not well),0,0,0,0,0,0,,,,12,0,0,12,0,0,12,0,0,1,0.333333333,0,0
5384657,Yes,Yes,Yes,Yes,Yes,Yes,Yes,0.12,no_headphones,mobile,Apple iPhone,iOS,Mobile Safari,750x307,1,53,f,British,UK,no,professional qualification,English,British,Queens/southern,,,no,none,,,none,,0,0,0,0,0,0,none,,,4,0,0,7,0,0,4,0,0,1,0.466666667,0,0
5417849,Yes,Yes,Yes,Yes,Yes,Yes,No,0.03,earphones,computer,Desktop or Laptop,Mac OS,Safari,1440x820,1,29,f,British,UK,no,bachelors,English,British,Yorkshire,,,no,none,,,none,,0,0,0,0,0,0,none,,,12,0,1,3,0,0,6,0,0,0.954545455,0.136363636,0,0
5418540,Yes,Yes,Yes,Yes,Yes,Yes,No,0,headphones,computer,Desktop or Laptop,Windows,Chrome,1920x969,1,29,m,British,UK,no,bachelors,English,British,Yorkshire,,,no,none,,,none,,0,0,0,0,0,0,none,,,10,0,0,3,0,0,4,0,0,1,0.176470588,0,0
5305661,Yes,Yes,Yes,Yes,Yes,Yes,Yes,0,no_headphones,computer,Desktop or Laptop,Windows,Chrome,1280x610,1,27,m,British,UK,no,bachelors,English,British,Southern,,,no,none,,,none,,0,0,0,0,0,0,none,,,12,0,0,8,0,0,12,0,0,1,0.25,0,0
5434242,Yes,Yes,Yes,Yes,Yes,Yes,Yes,0,headphones,computer,Desktop or Laptop,Windows,Chrome,1536x722,1,24,m,British,UK,no,professional qualification,English,British,Southern,,,no,none,,,French,,1,0,0,0,1,0.25,none,,,10,0,1,4,0,1,8,0,1,0.88,0.16,0,0
5335169,Yes,Yes,Yes,Yes,Yes,Yes,No,0.08,no_headphones,computer,Desktop or Laptop,Mac OS,Safari,1239x887,1,30,f,British,UK,no,bachelors,English,British,Southern,,,no,none,,,French,Occasional holiday,0,0,0,0,0,0,none,,,6,0,0,2,0,0,6,0,0,1,0.142857143,0,0
5440728,Yes,Yes,Yes,Yes,Yes,Yes,Yes,0.56,headphones,computer,Desktop or Laptop,Windows,Firefox,1920x967,1,32,f,British,UK,no,masters,English,British,Southern,,,no,none,,,Portuguese,,0,0,0,0,0,0,none,,,12,0,1,6,0,0,12,0,1,0.9375,0.1875,0,0
5476814,Yes,Yes,Yes,Yes,Yes,Yes,No,0.01,no_headphones,computer,Desktop or Laptop,Windows,Edge,1266x592,1,30,f,British,UK,no,bachelors,English,British,Southern,,,no,none,,,German,,0,1,0,0,1,0.25,none,,,12,0,2,7,0,3,0,0,1,0.76,0.28,0,0
5510526,Yes,Yes,Yes,Yes,Yes,Yes,No,0.05,earphones,computer,Desktop or Laptop,Windows,Chrome,1366x657,1,34,f,British,UK,no,masters,English,British,Welsh,,,no,none,,,Spanish,Italian,0,0,0,0,0,0,beginner,,,9,0,0,2,0,0,10,0,0,1,0.095238095,0,0
5502013,Yes,Yes,Yes,Yes,Yes,Yes,No,0.57,headphones,tablet,Apple iPad,iOS,Chrome,1024x653,1,57,f,British,UK,no,professional qualification,English,British,,,,no,none,,,none,,0,0,0,0,0,0,none,,,12,0,0,12,0,0,12,0,0,1,0.333333333,0,0
5499420,Yes,Yes,Yes,Yes,Yes,Yes,No,0.16,no_headphones,computer,Desktop or Laptop,Windows,Chrome,1280x577,1,27,f,British,UK,no,doctorate,English,British,,,,no,none,,,none,,0,0,0,0,0,0,none,,,5,0,0,3,0,0,3,0,0,1,0.272727273,0,0
5557001,Yes,Yes,Yes,Yes,Yes,Yes,No,0,earphones,computer,Desktop or Laptop,Windows,Chrome,1280x609,1,27,m,British,UK,no,masters,English,British,Midlands,,,no,none,,,French,,0,0,0,0,0,0,none,,,8,0,6,3,0,2,3,0,3,0.56,0.12,0,0
5323642,Yes,Yes,Yes,Yes,Yes,Yes,No,0,headphones,computer,Desktop or Laptop,Mac OS,Safari,1654x940,1,32,f,British,UK,no,bachelors,English,British,Southern,,,no,none,,,French,I know some basic,0,0,0,0,0,0,none,,,12,0,1,12,0,1,12,0,0,0.947368421,0.315789474,0,0
5499381,Yes,Yes,Yes,Yes,Yes,Yes,No,0.05,no_headphones,computer,Desktop or Laptop,Windows,Chrome,1422x641,1,58,f,British,UK,no,secondary,English,British,,,,no,none,,,none,,0,0,0,0,0,0,none,,,12,0,0,8,0,0,10,0,0,1,0.266666667,0,0
5586643,Yes,Yes,Yes,Yes,Yes,Yes,No,0,earphones,computer,Desktop or Laptop,Mac OS,Safari,1024x665,1,38,f,British,UK,no,bachelors,English,British,,,,no,none,,,none,,0,0,0,0,0,0,none,,,10,0,0,10,0,0,10,0,0,1,0.333333333,0,0
5586843,Yes,Yes,Yes,Yes,Yes,Yes,No,0.03,no_headphones,computer,Desktop or Laptop,Mac OS,Chrome,1418x730,1,31,f,British,UK,no,masters,English,British,RP,,,no,none,,,French,,0,0,0,0,0,0,none,,,12,0,4,12,0,2,12,0,1,0.837209302,0.279069767,0,0
5587514,Yes,Yes,Yes,Yes,Yes,Yes,No,0,no_headphones,mobile,Samsung SM-F711B,Android,Chrome,801x280,1,43,f,British,UK,no,secondary,English,British,Southern,,,no,none,,,none,,0,0,0,0,0,0,none,,,12,0,0,12,0,0,12,0,0,1,0.333333333,0,0
5588274,Yes,Yes,Yes,Yes,Yes,Yes,No,0.1,no_headphones,mobile,Apple iPhone,iOS,Mobile Safari,667x325,1,31,f,British,UK,no,bachelors,English,British,Southern,,,no,none,,,none,,0,0,0,0,0,0,none,,,12,0,0,3,0,0,6,0,0,1,0.142857143,0,0
5595978,Yes,Yes,Yes,Yes,Yes,Yes,No,0.02,no_headphones,computer,Desktop or Laptop,Windows,Firefox,1920x899,1,64,f,British,UK,no,professional qualification,English,British,Southern,,,no,none,,,French,,0,0,0,0,0,0,none,,,6,0,0,1,0,0,4,0,0,1,0.090909091,0,0
5503474,Yes,Yes,Yes,Yes,Yes,Yes,Yes,0.16,headphones,computer,Desktop or Laptop,Windows,Chrome,1536x722,1,25,m,British,UK,no,masters,English,British,Yorkshire,,,no,none,,,German,,0,0,0,0,0,0,none,,,8,0,1,4,0,0,4,0,0,0.941176471,0.235294118,0,0
5521508,Yes,Yes,Yes,Yes,Yes,Yes,No,0.14,headphones,computer,Desktop or Laptop,Windows,Chrome,1280x577,1,31,f,British,France,yes,doctorate,English,British,Yorkshire,,,no,none,,,French,,0,0,0,0,0,0,none,,,3,0,6,2,0,1,2,0,3,0.411764706,0.117647059,0,0
5592006,Yes,Yes,Yes,Yes,Yes,Yes,No,0.08,no_headphones,mobile,Samsung SM-G715FN,Android,Samsung Browser,802x340,1,28,f,British,UK,no,masters,English,British,Southern,,,no,none,,,French,,0,0,0,0,0,0,none,,,9,0,1,7,0,1,5,0,0,0.913043478,0.304347826,0,0
5602966,Yes,Yes,Yes,Yes,Yes,Yes,No,0.03,headphones,computer,Desktop or Laptop,Windows,Chrome,1280x520,1,30,f,British,UK,no,masters,English,British,Southern,,,no,none,,,none,,0,0,0,0,0,0,none,,,12,0,0,8,0,0,12,0,0,1,0.25,0,0
5584809,Yes,Yes,Yes,Yes,Yes,Yes,No,0.06,earphones,computer,Desktop or Laptop,Mac OS,Chrome,1385x676,1,24,m,Dutch,UAE,yes,bachelors,English,British,International School,,,yes,> 5 years,,,Spanish,Dutch,3,2,2,4,11,2.75,none,,,12,1,2,12,1,1,8,0,3,0.8,0.3,0.05,0.025
5627982,Yes,Yes,Yes,Yes,Yes,Yes,No,0.76,no_headphones,mobile,Google Pixel 3a,Android,Chrome,760x309,1,31,f,British,UK,no,bachelors,English,British,Southern,,,no,none,,,none,,0,0,0,0,0,0,intermediate,,,12,0,0,12,0,0,12,0,0,1,0.333333333,0,0
5627983,Yes,Yes,Yes,Yes,Yes,Yes,No,0.61,no_headphones,mobile,undefined IN2013,Android,Chrome,769x299,1,31,m,British,UK,no,masters,English,British,,,,no,none,,,none,,0,0,0,0,0,0,none,,,9,0,0,9,0,0,12,0,0,1,0.3,0,0
5620967,Yes,Yes,Yes,Yes,Yes,Yes,No,0,no_headphones,computer,Desktop or Laptop,Mac OS,Firefox,1498x818,1,38,m,British,UK,no,masters,English,British,Northern,,,yes,> 1 year,,,German,,1,0,0,1,2,0.5,none,,,2,0,1,1,0,1,2,0,1,0.625,0.125,0,0
5637584,Yes,Yes,Yes,Yes,Yes,Yes,No,0.75,no_headphones,mobile,Samsung SM-A515F,Android,Samsung Browser,833x340,1,32,f,British,UK,no,professional qualification,English,British,southern,,,no,none,,,none,,0,0,0,0,0,0,beginner,,,11,0,0,12,0,0,12,0,0,1,0.342857143,0,0
5629029,Yes,Yes,Yes,Yes,Yes,Yes,No,0,no_headphones,computer,Desktop or Laptop,Windows,Edge,1280x609,1,60,f,British,UK,no,bachelors,English,British,southern,,,no,none,,,none,,0,0,0,0,0,0,none,,,6,0,0,4,0,0,1,0,0,1,0.363636364,0,0
5615580,Yes,Yes,Yes,Yes,Yes,Yes,No,0,earphones,computer,Desktop or Laptop,Mac OS,Chrome,1242x682,1,46,f,British,UK,no,doctorate,English,British,"mixed - east anglian, cumbrian, west yorkshire",,,no,none,,,none,,0,0,0,0,0,0,none,,,12,0,0,12,0,0,12,0,0,1,0.333333333,0,0
5655323,Yes,Yes,Yes,Yes,Yes,Yes,No,0.09,no_headphones,mobile,Huawei SNE-LX1,Android,Chrome,710x274,1,40,f,British,Spain,yes,masters,English,British,,,,no,none,,,Spanish,,0,0,0,0,0,0,none,,,7,0,2,3,0,1,6,0,2,0.761904762,0.142857143,0,0
5621683,Yes,Yes,Yes,Yes,Yes,Yes,No,0.01,earphones,computer,Desktop or Laptop,Mac OS,Chrome,1440x789,1,19,f,American,UK,yes,secondary,English,American,,,,no,none,,,Italian,,0,0,0,0,0,0,none,,,12,0,1,8,0,1,9,0,1,0.90625,0.25,0,0
5312548,Yes,Yes,Yes,Yes,Yes,Yes,No,0.33,earphones,computer,Desktop or Laptop,Windows,Chrome,1366x657,1,30,m,British,UK,no,masters,English,British,Southern,,,no,none,,,none,,0,0,0,0,0,0,none,,,12,0,0,12,0,0,12,0,0,1,0.333333333,0,0
5659326,Yes,Yes,Yes,Yes,Yes,Yes,No,0,no_headphones,computer,Desktop or Laptop,Mac OS,Safari,1024x665,1,36,f,British,Spain,yes,masters,English,British,midlands,,,no,none,,,Spanish,,0,0,0,0,0,0,none,,,8,0,4,4,0,2,10,0,3,0.709677419,0.129032258,0,0
5663887,Yes,Yes,Yes,Yes,Yes,Yes,Yes,0.1,no_headphones,computer,Desktop or Laptop,Mac OS,Chrome,1589x971,1,44,m,American,Australia,yes,doctorate,English,American,some Australian influence,,,no,none,,,none,,0,0,0,0,0,0,none,,,9,0,0,7,0,0,6,0,0,1,0.318181818,0,0
5666899,Yes,Yes,Yes,Yes,Yes,Yes,No,0.05,headphones,computer,Desktop or Laptop,Mac OS,Chrome,1512x866,1,29,f,British,UK,no,masters,English,British,Yorkshire,,,no,none,,,none,,0,0,0,0,0,0,none,,,12,0,0,12,0,0,12,0,0,1,0.333333333,0,0
5671003,Yes,Yes,Yes,Yes,Yes,Yes,No,0.6,no_headphones,computer,Desktop or Laptop,Mac OS,Chrome,1440x793,1,27,f,American,USA,no,masters,English,American,,,,no,none,,,none,,0,0,0,0,0,0,none,,,5,0,0,10,0,0,5,0,0,1,0.5,0,0
5674520,Yes,Yes,Yes,Yes,Yes,Yes,No,0.01,no_headphones,computer,Desktop or Laptop,Windows,Chrome,1368x769,1,69,m,British,UK,no,doctorate,English,British,southern,,,no,none,,,none,,0,0,0,0,0,0,none,,,6,0,0,4,0,0,3,0,0,1,0.307692308,0,0
5499421,Yes,Yes,Yes,Yes,Yes,Yes,No,0.08,earphones,computer,Desktop or Laptop,Windows,Chrome,1280x609,1,27,m,British,UK,no,masters,English,British,RP,,,no,none,,,none,,0,0,0,0,0,0,none,,,1,0,0,10,0,0,8,0,0,1,0.526315789,0,0
5676563,Yes,Yes,Yes,Yes,Yes,Yes,No,0.95,earphones,computer,Desktop or Laptop,Mac OS,Safari,1440x837,1,19,f,British,UK,no,professional qualification,English,British,North/Lancashire,,,no,none,,,none,,0,0,0,0,0,0,none,,,12,0,1,12,0,0,12,0,0,0.972972973,0.324324324,0,0
5676564,Yes,Yes,Yes,Yes,Yes,Yes,No,0.1,no_headphones,mobile,Apple iPhone,iOS,Mobile Safari,832x345,1,26,f,British,UK,no,masters,English,British,London,,,no,none,,,Twi,My parents speak Akan (Twi) to me but I cannot speak it,0,0,0,0,0,0,none,,,12,0,1,11,0,0,12,0,0,0.972222222,0.305555556,0,0
5664502,Yes,Yes,Yes,Yes,Yes,Yes,No,0.27,earphones,computer,Desktop or Laptop,Windows,Chrome,1280x577,1,39,f,American,USA,no,doctorate,English,American,Northern Cities North American English,,,no,none,,,Spanish,,0,0,0,0,0,0,none,,,5,0,1,2,0,0,7,0,0,0.933333333,0.133333333,0,0
5674519,Yes,Yes,Yes,Yes,Yes,Yes,No,0,no_headphones,computer,Desktop or Laptop,Mac OS,Safari,1180x713,1,33,f,British,UK,no,professional qualification,English,British,southern,,,no,none,,,none,,0,0,0,0,0,0,none,,,5,0,0,5,0,0,5,0,0,1,0.333333333,0,0
5663873,Yes,Yes,Yes,Yes,Yes,Yes,No,0.19,no_headphones,mobile,Apple iPhone,iOS,Mobile Safari,667x325,1,66,f,British,France,yes,professional qualification,English,British,Scottish,,,no,none,,,French,"Spanish, Italian",0,0,0,0,0,0,none,,,12,0,2,4,0,1,9,0,1,0.862068966,0.137931034,0,0
5691858,Yes,Yes,Yes,Yes,Yes,Yes,Yes,0.49,no_headphones,computer,Desktop or Laptop,Mac OS,Safari,1779x930,1,31,m,British,UK,no,professional qualification,English,British,Southern,,,no,none,,,French,(Occasionally),0,0,0,0,0,0,none,,,12,0,0,12,0,0,12,0,0,1,0.333333333,0,0
5692100,Yes,Yes,Yes,Yes,Yes,Yes,No,0.26,no_headphones,computer,Desktop or Laptop,Mac OS,Safari,1366x571,1,57,f,British,UK,no,masters,English,British,Southern,,,no,none,,,none,,0,0,0,0,0,0,none,,,7,0,0,7,0,0,5,0,0,1,0.368421053,0,0
5642980,Yes,Yes,Yes,Yes,Yes,Yes,No,0,headphones,computer,Desktop or Laptop,Windows,Chrome,1280x609,1,28,f,British,UK,no,doctorate,English,British,Southern,,,no,none,,,Spanish,,0,0,0,0,0,0,none,,,6,0,1,3,0,0,4,0,0,0.928571429,0.214285714,0,0
5696781,Yes,Yes,Yes,Yes,Yes,Yes,No,0.4,earphones,computer,Desktop or Laptop,Mac OS,Firefox,2153x1141,1,46,m,British,UK,no,bachelors,English,British,Essex,,,no,none,,,French,,0,0,0,0,0,0,none,,,12,0,0,2,0,0,9,0,0,1,0.086956522,0,0
5672324,Yes,Yes,Yes,Yes,Yes,Yes,No,0,earphones,computer,Desktop or Laptop,Mac OS,Chrome,1440x711,1,26,m,British,UK,no,masters,English,British,Southern,,,no,none,,,none,,0,0,0,0,0,0,none,,,12,0,0,12,0,0,5,0,0,1,0.413793103,0,0
5649032,Yes,Yes,Yes,Yes,Yes,Yes,No,0.15,earphones,computer,Desktop or Laptop,Mac OS,Chrome,1280x698,1,32,m,British,UK,no,doctorate,English,British,Southern,,,no,none,,,none,,0,0,0,0,0,0,none,,,12,0,0,12,0,0,10,0,0,1,0.352941176,0,0
5704997,Yes,Yes,Yes,Yes,Yes,Yes,Yes,0.07,earphones,computer,Desktop or Laptop,Windows,Edge,1368x801,1,18,f,British,UK,no,secondary,English,British,Yorkshire,,,no,none,,,none,,0,0,0,0,0,0,none,,,11,0,0,7,0,0,10,0,0,1,0.25,0,0
5667662,Yes,Yes,Yes,Yes,Yes,Yes,No,0.08,no_headphones,computer,Desktop or Laptop,Windows,Chrome,1504x884,1,30,m,British,UK,no,masters,English,British,RP,,,no,none,,,Russian,,0,0,0,0,0,0,none,,,12,0,1,8,0,0,12,0,1,0.941176471,0.235294118,0,0
5706490,Yes,Yes,Yes,Yes,Yes,Yes,No,0,earphones,mobile,Samsung SM-G973F,Android,Chrome,778x313,1,30,m,British,UK,no,masters,English,British,southern,,,no,none,,,Japanese,,0,0,0,0,0,0,none,,,12,0,2,8,0,1,12,0,0,0.914285714,0.228571429,0,0
5374964,Yes,Yes,Yes,Yes,Yes,Yes,No,0,no_headphones,computer,Desktop or Laptop,Mac OS,Chrome,1440x789,1,32,f,British,UK,no,bachelors,English,British,london,,,no,none,,,none,,0,0,0,0,0,0,none,,,12,0,0,9,0,0,12,0,0,1,0.272727273,0,0
5732647,Yes,Yes,Yes,Yes,Yes,Yes,No,0,earphones,computer,Desktop or Laptop,Mac OS,Safari,1080x707,1,65,f,British,UK,no,professional qualification,English,British,Northern,,,no,none,,,Spanish,,0,0,0,0,0,0,none,,,12,0,0,4,0,0,12,0,0,1,0.142857143,0,0
5690497,Yes,Yes,Yes,Yes,Yes,Yes,No,0,headphones,computer,Desktop or Laptop,Windows,Chrome,1920x937,1,38,f,Australian,France,yes,doctorate,English,Australian,,,,no,none,,,Spanish,French,0,0,0,0,0,0,none,,,7,0,1,4,0,1,5,0,1,0.842105263,0.210526316,0,0
5750023,Yes,Yes,Yes,Yes,Yes,Yes,Yes,0,earphones,computer,Desktop or Laptop,Windows,Chrome,1280x552,1,33,m,British,Austria,yes,doctorate,English,British,Southern,,,yes,< 6 months,,,German,,0,0,0,0,0,0,none,,,8,0,7,3,0,1,8,0,6,0.575757576,0.090909091,0,0
5755299,Yes,Yes,Yes,Yes,Yes,Yes,Yes,0,earphones,mobile,Apple iPhone,iOS,Mobile Safari,800x331,1,22,m,American,USA,no,bachelors,English,American,,,,no,none,,,Spanish,,0,0,0,0,0,0,none,,,8,0,3,2,0,1,8,0,1,0.782608696,0.086956522,0,0
5755297,Yes,Yes,Yes,Yes,Yes,Yes,No,0.2,earphones,computer,Desktop or Laptop,Windows,Chrome,1280x578,1,19,f,Malaysian,UK,yes,professional qualification,English,American,Mix of US and Southern British,,,no,none,,,Malay,Bahasa Malaysia,0,0,0,0,0,0,none,,,12,0,1,12,0,0,12,0,1,0.947368421,0.315789474,0,0
5756085,Yes,Yes,Yes,Yes,Yes,Yes,No,0.07,headphones,computer,Desktop or Laptop,Windows,Chrome,1536x722,1,56,m,American,USA,no,masters,English,American,,,,no,none,,,German,,0,0,0,0,0,0,none,,,10,0,5,9,0,3,5,0,1,0.727272727,0.272727273,0,0
5759735,Yes,Yes,Yes,Yes,Yes,Yes,No,0,no_headphones,mobile,Samsung SM-A505FN,Android,Chrome,705x280,1,52,f,British,UK,no,bachelors,English,British,,,,no,none,,,,,0,0,0,0,0,0,none,,,8,0,0,6,0,0,8,0,0,1,0.272727273,0,0
5756084,Yes,Yes,Yes,Yes,Yes,Yes,No,0,earphones,computer,Desktop or Laptop,Mac OS,Firefox,1280x680,1,50,m,American,USA,no,masters,English,American,,,,no,none,,,German,,0,0,0,0,0,0,none,,,6,0,0,6,0,0,10,0,0,1,0.272727273,0,0
5755298,Yes,Yes,Yes,Yes,Yes,Yes,No,0.05,headphones,computer,Desktop or Laptop,Windows,Chrome,1366x657,1,21,n,American,USA,no,secondary,English,American,,,,no,none,,,French,,0,0,0,0,0,0,none,,,12,0,3,10,0,2,8,0,3,0.789473684,0.263157895,0,0
5706492,Yes,Yes,Yes,Yes,Yes,Yes,No,0,earphones,mobile,Apple iPhone,iOS,Mobile Safari,736x414,1,67,f,British,UK,no,professional qualification,English,British,Southern,,,no,none,,,German,French,0,0,0,0,0,0,none,,,12,0,0,12,0,0,12,0,0,1,0.333333333,0,0
5765136,Yes,Yes,Yes,Yes,Yes,Yes,No,0,earphones,computer,Desktop or Laptop,Mac OS,Safari,1008x689,1,20,m,Swiss,UK,yes,secondary,English,British,Southern,,,no,none,,,German,,0,0,0,0,0,0,none,,,8,0,2,2,0,1,4,0,1,0.777777778,0.111111111,0,0
5659195,Yes,Yes,Yes,Yes,Yes,Yes,No,0,no_headphones,mobile,Samsung SM-A217F,Android,Samsung Browser,828x364,1,31,f,British,UK,no,bachelors,English,British,southern,,,no,none,,,none,,0,0,0,0,0,0,none,,,12,0,0,3,0,0,12,0,0,1,0.111111111,0,0
5759398,Yes,Yes,Yes,Yes,Yes,Yes,No,0.02,no_headphones,computer,Desktop or Laptop,Windows,Edge,1368x801,1,34,f,British,UK,no,bachelors,English,British,Southern,,,no,none,,,none,,0,0,0,0,0,0,none,,,12,0,0,4,0,0,4,0,0,1,0.2,0,0
5692078,Yes,Yes,Yes,Yes,Yes,Yes,No,0.11,no_headphones,computer,Desktop or Laptop,Mac OS,Safari,1440x751,1,59,m,British,UK,no,bachelors,English,British,Southern,,,no,none,,,none,,0,0,0,0,0,0,none,,,9,0,0,5,0,0,7,0,0,1,0.238095238,0,0
5719579,Yes,Yes,Yes,Yes,Yes,Yes,No,0,no_headphones,computer,Desktop or Laptop,Mac OS,Chrome,1170x676,1,20,f,American,UK,yes,bachelors,English,American,,,,no,none,,,Spanish,Japanese,0,0,0,0,0,0,none,,,12,0,0,12,0,1,12,0,0,0.972972973,0.324324324,0,0
5751031,Yes,Yes,Yes,Yes,Yes,Yes,No,0.41,no_headphones,computer,Desktop or Laptop,Mac OS,Safari,1280x712,1,36,f,American,USA,no,bachelors,English,American,California,,,no,none,,,French,,0,0,0,0,0,0,none,,,12,0,1,6,0,1,12,0,1,0.909090909,0.181818182,0,0
5755301,Yes,Yes,Yes,Yes,Yes,Yes,No,0.18,earphones,mobile,Samsung SM-G960U,Android,Chrome,692x280,1,18,n,American,UK,yes,secondary,English,American,,,,no,none,,,Spanish,"(Mexian), Japanese, Mandarin",0,0,0,0,0,0,none,,,12,0,8,12,0,9,12,0,4,0.631578947,0.210526316,0,0
5765135,Yes,Yes,Yes,Yes,Yes,Yes,No,0.06,earphones,computer,Desktop or Laptop,Windows,Chrome,1280x577,1,19,f,British,UK,no,secondary,English,British,Southern,,,no,none,,,none,,0,0,0,0,0,0,none,,,9,0,1,3,0,0,4,0,0,0.941176471,0.176470588,0,0
5780967,Yes,Yes,Yes,Yes,Yes,Yes,No,0.24,no_headphones,mobile,Samsung SM-A528B,Android,Samsung Browser,723x288,1,30,f,British,UK,no,bachelors,English,British,Geordie,,,no,none,,,French,,0,0,0,0,0,0,none,,,8,0,0,12,0,0,9,0,0,1,0.413793103,0,0
5831108,Yes,Yes,Yes,Yes,Yes,Yes,No,0.09,earphones,computer,Desktop or Laptop,Mac OS,Safari,1366x917,1,23,f,British,UK,no,secondary,English,British,yorkshire,,,no,none,,,none,,0,0,0,0,0,0,none,,,12,0,0,6,0,0,7,0,0,1,0.24,0,0
5706491,Yes,Yes,Yes,Yes,Yes,Yes,No,0,no_headphones,computer,Desktop or Laptop,Windows,Chrome,1368x793,1,19,m,British,UK,no,secondary,English,British,Southern,,,no,none,,,French,,1,0,0,0,1,0.25,none,,,12,0,2,12,0,1,12,0,1,0.9,0.3,0,0
5755300,Yes,Yes,Yes,Yes,Yes,Yes,No,0.04,headphones,computer,Desktop or Laptop,Windows,Firefox,1920x947,1,19,m,British,UK,no,professional qualification,English,British,Southern,,,no,none,,,Spanish,,0,0,0,0,0,0,none,,,10,0,2,8,0,1,8,0,0,0.896551724,0.275862069,0,0
5762777,Yes,Yes,Yes,Yes,Yes,Yes,Yes,0.16,no_headphones,mobile,Apple iPhone,iOS,Chrome,736x350,1,38,n,American,USA,no,bachelors,English,American,,,,no,none,,,Spanish,,0,0,0,0,0,0,none,,,12,0,2,10,0,0,8,0,0,0.9375,0.3125,0,0
5670727,Yes,Yes,Yes,Yes,Yes,Yes,No,0.07,no_headphones,computer,Desktop or Laptop,Mac OS,Safari,1353x814,1,19,f,British,UK,no,professional qualification,English,British,Northern,,,no,none,,,Spanish,,0,0,0,0,0,0,none,,,12,0,9,12,0,3,12,0,3,0.705882353,0.235294118,0,0
5750994,Yes,Yes,Yes,Yes,Yes,Yes,No,0.04,no_headphones,computer,Desktop or Laptop,Windows,Firefox,1835x943,1,29,n,Canadian,Canada,no,masters,English,Canadian,,,,no,none,,,none,,0,0,0,0,0,0,none,,,11,0,0,5,0,0,3,0,0,1,0.263157895,0,0
5909329,Yes,Yes,Yes,Yes,Yes,Yes,No,0.16,headphones,computer,Desktop or Laptop,Mac OS,Safari,1438x948,1,63,m,British,UK,no,bachelors,English,British,Southern,,,no,none,,,German,,0,0,0,0,0,0,none,,,12,0,0,8,0,1,4,0,1,0.923076923,0.307692308,0,0
5909763,Yes,Yes,Yes,Yes,Yes,Yes,No,0.5,headphones,computer,Desktop or Laptop,Mac OS,Chrome,1440x821,1,35,f,British,UK,no,bachelors,English,British,Southern,,,no,none,,,German,,0,0,0,0,0,0,none,,,12,0,0,2,0,0,12,0,0,1,0.076923077,0,0
5900993,Yes,Yes,Yes,Yes,Yes,Yes,No,0.13,no_headphones,computer,Desktop or Laptop,Windows,Firefox,1366x615,0,41,m,American,UK,yes,masters,English,American,,,,no,none,,,none,,0,0,0,0,0,0,none,,,8,0,0,8,0,0,5,0,0,1,0.380952381,0,0
5758767,Yes,Yes,Yes,Yes,Yes,Yes,Yes,0.2,no_headphones,computer,Desktop or Laptop,Mac OS,Chrome,1440x789,1,29,f,British,UK,no,masters,English,British,Southern,,,no,none,,,German,,0,0,0,0,0,0,none,,,6,0,0,8,0,0,6,0,0,1,0.4,0,0
5998960,Yes,Yes,Yes,Yes,Yes,Yes,No,0,headphones,computer,Desktop or Laptop,Windows,Chrome,1920x1089,1,29,m,British,Germany,yes,doctorate,English,British,Southern,,,no,none,,,Dutch,,0,0,0,0,0,0,none,,,7,0,2,9,0,1,4,0,1,0.833333333,0.375,0,0
5914367,Yes,Yes,Yes,Yes,Yes,Yes,No,0.02,no_headphones,computer,Desktop or Laptop,Mac OS,Chrome,1439x796,1,33,m,British,UK,no,professional qualification,English,British,Southern,,,no,none,,,none,,0,0,0,0,0,0,none,,,12,0,1,4,0,0,8,0,0,0.96,0.16,0,0
6029761,Yes,Yes,Yes,Yes,Yes,Yes,No,0.12,no_headphones,computer,Desktop or Laptop,Mac OS,Chrome,1278x640,1,25,f,British,UK,no,bachelors,English,British,Southern,,,no,none,,,none,,0,0,0,0,0,0,none,,,12,0,0,5,0,0,12,0,0,1,0.172413793,0,0
5884960,Yes,Yes,Yes,Yes,Yes,Yes,No,0.66,earphones,mobile,Apple iPhone,iOS,Mobile Safari,667x331,1,18,f,American,UK,yes,secondary,English,American,,,,no,none,,,Chinese,Mandarin,0,0,0,0,0,0,none,,,12,0,1,5,0,0,12,0,1,0.935483871,0.161290323,0,0
